﻿<?xml version="1.0" encoding="utf-8"?>
<Preset xmlns:xsi="http://www.w3.org/2001/XMLSchema-instance" xmlns:xsd="http://www.w3.org/2001/XMLSchema">
  <modifiedUtc>2016-06-23T14:08:49.5900163Z</modifiedUtc>
  <userPreset>false</userPreset>
  <customizedByUser>false</customizedByUser>
  <guid>decddb0c-087f-4aa8-ad4d-10574611a844</guid>
  <id />
  <hotkeyAssigned>false</hotkeyAssigned>
  <names>
    <string>en</string>
    <string>Add up to 2 leading zeros to first group of digits of '&lt;Tag 1&gt;'</string>
    <string>ru</string>
    <string>Добавить до 2 лидирующих нулей к первой группе цифр тега '&lt;Тег 1&gt;'</string>
  </names>
  <descriptions>
    <string>en</string>
    <string>Preset adds up to 2 leading zeros to first group of digits of the '&lt;Tag 1&gt;' (e.g. 'text 1 text' will be replaced with 'text 01 text', '01' is replaced with '001' and 'text' remains unchanged). </string>
    <string>ru</string>
    <string>Пресет добавляет до 2 лидирующих нулей к первой группе цифр тега '&lt;Тег 1&gt;' (например, 'текст 1 текст' будет заменено на 'текст 001 текст', '01' на '001' и 'текст' не будет изменен). </string>
  </descriptions>
  <ignoreCase>true</ignoreCase>
  <applyToPlayingTrack>false</applyToPlayingTrack>
  <condition>false</condition>
  <columnWeights>
    <float>75</float>
    <float>25</float>
    <float>25</float>
    <float>25</float>
    <float>25</float>
    <float>25</float>
    <float>25</float>
    <float>25</float>
    <float>25</float>
    <float>25</float>
    <float>25</float>
  </columnWeights>
  <isMSRPreset>false</isMSRPreset>
  <parameterTagType>1</parameterTagType>
  <parameterTag2Type>0</parameterTag2Type>
  <parameterTag3Type>0</parameterTag3Type>
  <parameterTag4Type>0</parameterTag4Type>
  <parameterTag5Type>0</parameterTag5Type>
  <parameterTag6Type>0</parameterTag6Type>
  <parameterTagId>86</parameterTagId>
  <parameterTag2Id>0</parameterTag2Id>
  <parameterTag3Id>0</parameterTag3Id>
  <parameterTag4Id>0</parameterTag4Id>
  <parameterTag5Id>0</parameterTag5Id>
  <parameterTag6Id>0</parameterTag6Id>
  <customTextChecked>false</customTextChecked>
  <customText />
  <customText2Checked>false</customText2Checked>
  <customText2 />
  <customText3Checked>false</customText3Checked>
  <customText3 />
  <customText4Checked>false</customText4Checked>
  <customText4 />
  <preserveValues />
  <searchedTagId>-101</searchedTagId>
  <searchedPattern>^(?&lt;text1&gt;\D*?)(\d(\D|$).*)$</searchedPattern>
  <searchedTag2Id>-101</searchedTag2Id>
  <searchedPattern2>^(?&lt;text1&gt;\D*?)(\d\d(\D|$).*)$</searchedPattern2>
  <searchedTag3Id>44</searchedTag3Id>
  <searchedPattern3 />
  <searchedTag4Id>41</searchedTag4Id>
  <searchedPattern4 />
  <searchedTag5Id>41</searchedTag5Id>
  <searchedPattern5 />
  <replacedTagId>-101</replacedTagId>
  <replacedPattern>${text1}0$1</replacedPattern>
  <replacedTag2Id>-101</replacedTag2Id>
  <replacedPattern2>${text1}0$1</replacedPattern2>
  <replacedTag3Id>44</replacedTag3Id>
  <replacedPattern3 />
  <replacedTag4Id>41</replacedTag4Id>
  <replacedPattern4 />
  <replacedTag5Id>41</replacedTag5Id>
  <replacedPattern5 />
  <append>false</append>
  <append2>false</append2>
  <append3>false</append3>
  <append4>false</append4>
  <append5>false</append5>
</Preset>