﻿<?xml version="1.0" encoding="utf-8"?>
<Preset xmlns:xsi="http://www.w3.org/2001/XMLSchema-instance" xmlns:xsd="http://www.w3.org/2001/XMLSchema">
  <modifiedUtc>2017-04-05T14:09:55.6780035Z</modifiedUtc>
  <userPreset>false</userPreset>
  <customizedByUser>false</customizedByUser>
  <guid>10f9feac-47a2-4d78-9d42-383196c4256e</guid>
  <id />
  <hotkeyAssigned>false</hotkeyAssigned>
  <names>
    <string>de</string>
    <string>Füge 'The' am Anfang von '&lt;Tag 1&gt;' ein</string>
    <string>en</string>
    <string>Add 'The' to the beginning of '&lt;Tag 1&gt;'</string>
    <string>fr</string>
    <string>Ajouter 'The' au début de '&lt;Tag 1&gt;'</string>
    <string>pl</string>
    <string>Dodaj 'The' na początek '&lt;Taga 1&gt;'</string>
    <string>ru</string>
    <string>Добавить 'The' в начале тега '&lt;Тег 1&gt;'</string>
  </names>
  <descriptions>
    <string>de</string>
    <string>Der Befehl fügt 'The' am Anfang von '&lt;Tag 1&gt;' ein (z.B.: aus 'Beatles' wird 'The Beatles'). Der Befehl unterstützt mehrere Künstler, wenn '&lt;Tag 1&gt;' der Tag 'Künstler' ist. </string>
    <string>en</string>
    <string>Preset adds 'The' to the beginning of '&lt;Tag 1&gt;' (for instance, 'Beatles' will become 'The Beatles'). Preset supports for multiple artists if '&lt;Tag 1&gt;' is tag 'Artist'. </string>
    <string>fr</string>
    <string>La presete ajoute 'The'  au début de  '&lt;Tag 1&gt;' (par exemple, 'Beatles' deviendra 'The Beatles'). La presete prend en charge les artistes multiples si  '&lt;Tag 1&gt;'  est le tag  'Artist'. </string>
    <string>pl</string>
    <string>Polecenie dodaje 'The' na początek '&lt;Taga 1&gt;' (np. 'Beatles' zmieni się na 'The Beatles'). Polecenie wspiera tagi zawierające wielu artystów, jeśli '&lt;Tag 1&gt;' to tag 'Artysta'.  </string>
    <string>ru</string>
    <string>Пресет добавляет 'The' в начале тега '&lt;Тег 1&gt;' (например, 'Beatles' будет заменено на 'The Beatles'). Шаблон корректно работает, если '&lt;Тег 1&gt;' - это тег 'Исполнитель' с несколькими исполнителями. </string>
  </descriptions>
  <ignoreCase>true</ignoreCase>
  <applyToPlayingTrack>false</applyToPlayingTrack>
  <condition>false</condition>
  <playlist />
  <columnWeights>
    <float>75</float>
    <float>25</float>
    <float>25</float>
    <float>25</float>
    <float>25</float>
    <float>25</float>
    <float>25</float>
    <float>25</float>
    <float>25</float>
    <float>25</float>
    <float>25</float>
  </columnWeights>
  <isMSRPreset>false</isMSRPreset>
  <parameterTagType>1</parameterTagType>
  <parameterTag2Type>0</parameterTag2Type>
  <parameterTag3Type>0</parameterTag3Type>
  <parameterTag4Type>0</parameterTag4Type>
  <parameterTag5Type>0</parameterTag5Type>
  <parameterTag6Type>0</parameterTag6Type>
  <parameterTagId>-2</parameterTagId>
  <parameterTag2Id>0</parameterTag2Id>
  <parameterTag3Id>0</parameterTag3Id>
  <parameterTag4Id>0</parameterTag4Id>
  <parameterTag5Id>0</parameterTag5Id>
  <parameterTag6Id>0</parameterTag6Id>
  <customTextChecked>false</customTextChecked>
  <customText />
  <customText2Checked>false</customText2Checked>
  <customText2 />
  <customText3Checked>false</customText3Checked>
  <customText3 />
  <customText4Checked>false</customText4Checked>
  <customText4 />
  <preserveValues />
  <searchedTagId>-101</searchedTagId>
  <searchedPattern>;\s*</searchedPattern>
  <searchedTag2Id>-101</searchedTag2Id>
  <searchedPattern2>([\x01\x02\x04]?)([^\x00;]+)([\x00;]?)</searchedPattern2>
  <searchedTag3Id>-101</searchedTag3Id>
  <searchedPattern3>;</searchedPattern3>
  <searchedTag4Id>-201</searchedTag4Id>
  <searchedPattern4 />
  <searchedTag5Id>-201</searchedTag5Id>
  <searchedPattern5 />
  <replacedTagId>-101</replacedTagId>
  <replacedPattern>;</replacedPattern>
  <replacedTag2Id>-101</replacedTag2Id>
  <replacedPattern2>$1The $2$3</replacedPattern2>
  <replacedTag3Id>-101</replacedTag3Id>
  <replacedPattern3>; </replacedPattern3>
  <replacedTag4Id>-201</replacedTag4Id>
  <replacedPattern4 />
  <replacedTag5Id>-201</replacedTag5Id>
  <replacedPattern5 />
  <append>false</append>
  <append2>false</append2>
  <append3>false</append3>
  <append4>false</append4>
  <append5>false</append5>
</Preset>