﻿<?xml version="1.0" encoding="utf-8"?>
<Preset xmlns:xsi="http://www.w3.org/2001/XMLSchema-instance" xmlns:xsd="http://www.w3.org/2001/XMLSchema">
  <modifiedUtc>2019-04-11T18:24:56.5062936Z</modifiedUtc>
  <userPreset>false</userPreset>
  <customizedByUser>false</customizedByUser>
  <guid>b5c92245-d099-49a9-aa14-15000de5188c</guid>
  <id />
  <hotkeyAssigned>false</hotkeyAssigned>
  <names>
    <string>de</string>
    <string>Füge Leerschritte zwischen Wörter ohne Leerschritte ein in '&lt;Tag 1&gt;'</string>
    <string>en</string>
    <string>Add spaces between words without spaces in '&lt;Tag 1&gt;'</string>
    <string>fr</string>
    <string>Ajouter des espaces entre les mots sans espaces dans  '&lt;Tag 1&gt;'</string>
    <string>pl</string>
    <string>Dodaj spacje między słowami bez spacji w '&lt;Tagu 1&gt;'</string>
    <string>ru</string>
    <string>Добавить пробелы между словами без пробелов в теге '&lt;Тег 1&gt;'</string>
  </names>
  <descriptions>
    <string>de</string>
    <string>Der Befehl fügt Leerschritte zwischen Wörter ohne Leerschritte ein in '&lt;Tag 1&gt;' (z.B.: aus 'AnotherBrickInTheWall' wird 'Another Brick In The Wall '). </string>
    <string>en</string>
    <string>Preset adds spaces between words without spaces in '&lt;Tag 1&gt;' (e.g. 'AnotherBrickInTheWall' becomes 'Another Brick In The Wall '). </string>
    <string>fr</string>
    <string>La presete ajoute des espaces entre les mots sans espaces dans '&lt;Tag 1&gt;' (ex: 'AnotherBrickInTheWall' devient 'Another Brick In The Wall '). </string>
    <string>pl</string>
    <string>Polecenie dodaje spacje między słowami bez spacji w '&lt;Tagu 1&gt;' (np. 'AnotherBrickInTheWall' zmieni się na 'Another Brick In The Wall').</string>
    <string>ru</string>
    <string>Пресет добавляет пробелы между словами без пробелов в теге '&lt;Тег 1&gt;' (например, 'AnotherBrickInTheWall' будет заменено на 'Another Brick In The Wall '). </string>
  </descriptions>
  <ignoreCase>false</ignoreCase>
  <applyToPlayingTrack>false</applyToPlayingTrack>
  <condition>false</condition>
  <columnWeights>
    <float>75</float>
    <float>25</float>
    <float>25</float>
    <float>25</float>
    <float>25</float>
    <float>25</float>
    <float>25</float>
    <float>25</float>
    <float>25</float>
    <float>25</float>
    <float>25</float>
  </columnWeights>
  <isMSRPreset>false</isMSRPreset>
  <parameterTagType>1</parameterTagType>
  <parameterTag2Type>0</parameterTag2Type>
  <parameterTag3Type>0</parameterTag3Type>
  <parameterTag4Type>0</parameterTag4Type>
  <parameterTag5Type>0</parameterTag5Type>
  <parameterTag6Type>0</parameterTag6Type>
  <parameterTagId>65</parameterTagId>
  <parameterTag2Id>0</parameterTag2Id>
  <parameterTag3Id>0</parameterTag3Id>
  <parameterTag4Id>0</parameterTag4Id>
  <parameterTag5Id>0</parameterTag5Id>
  <parameterTag6Id>0</parameterTag6Id>
  <customTextChecked>false</customTextChecked>
  <customText />
  <customText2Checked>false</customText2Checked>
  <customText2 />
  <customText3Checked>false</customText3Checked>
  <customText3 />
  <customText4Checked>false</customText4Checked>
  <customText4 />
  <preserveValues />
  <searchedTagId>-101</searchedTagId>
  <searchedPattern>([a-zа-я])([A-ZА-Я])</searchedPattern>
  <searchedTag2Id>65</searchedTag2Id>
  <searchedPattern2 />
  <searchedTag3Id>65</searchedTag3Id>
  <searchedPattern3 />
  <searchedTag4Id>41</searchedTag4Id>
  <searchedPattern4 />
  <searchedTag5Id>41</searchedTag5Id>
  <searchedPattern5 />
  <replacedTagId>-101</replacedTagId>
  <replacedPattern>$1 $2</replacedPattern>
  <replacedTag2Id>76</replacedTag2Id>
  <replacedPattern2 />
  <replacedTag3Id>76</replacedTag3Id>
  <replacedPattern3 />
  <replacedTag4Id>41</replacedTag4Id>
  <replacedPattern4 />
  <replacedTag5Id>41</replacedTag5Id>
  <replacedPattern5 />
  <append>false</append>
  <append2>false</append2>
  <append3>false</append3>
  <append4>false</append4>
  <append5>false</append5>
</Preset>