﻿<?xml version="1.0" encoding="utf-8"?>
<Preset xmlns:xsi="http://www.w3.org/2001/XMLSchema-instance" xmlns:xsd="http://www.w3.org/2001/XMLSchema">
  <modifiedUtc>2013-04-14T18:46:57.961979Z</modifiedUtc>
  <userPreset>false</userPreset>
  <customizedByUser>false</customizedByUser>
  <guid>34ab5be7-ced8-475c-a2d2-13c4cfe62e1c</guid>
  <id />
  <hotkeyAssigned>false</hotkeyAssigned>
  <names>
    <string>de</string>
    <string>Verbinde Tags '&lt;Tag 1&gt;', '&lt;Tag 2&gt;', '&lt;Tag 3&gt;' und schreibe Ergebnis in '&lt;Tag 4&gt;'</string>
    <string>en</string>
    <string>Combine tags '&lt;Tag 1&gt;', '&lt;Tag 2&gt;', '&lt;Tag 3&gt;' and write result in '&lt;Tag 4&gt;'</string>
    <string>pl</string>
    <string>Połącz tagi '&lt;Tag 1&gt;', '&lt;Tag 2&gt;' i '&lt;Tag 3&gt;' a rezultat zapisz w '&lt;Tagu 4&gt;'</string>
    <string>ru</string>
    <string>Объединить теги '&lt;Тег 1&gt;', '&lt;Тег 2&gt;', '&lt;Тег 3&gt;' и записать в '&lt;Тег 4&gt;'</string>
  </names>
  <descriptions>
    <string>de</string>
    <string>Verbinde Tags '&lt;Tag 1&gt;', '&lt;Tag 2&gt;', '&lt;Tag 3&gt;' durch &lt;Eigener Text 1&gt;, &lt;Eigener Text 2&gt; und schreibe das Ergebnis in '&lt;Tag 4&gt;'.</string>
    <string>en</string>
    <string>Combine tags '&lt;Tag 1&gt;', '&lt;Tag 2&gt;', '&lt;Tag 3&gt;' placing between them &lt;Custom text 1&gt;, &lt;Custom text 2&gt; and write result in '&lt;Tag 4&gt;'.</string>
    <string>pl</string>
    <string>Połącz tagi '&lt;Tag 1&gt;', '&lt;Tag 2&gt;' i '&lt;Tag 3&gt;', umieszczając między nimi &lt;Własny tekst 1&gt;, &lt;Własny tekst 2&gt;, a rezultat zapisz w '&lt;Tagu 4&gt;'.</string>
    <string>ru</string>
    <string>Объединить теги '&lt;Тег 1&gt;', '&lt;Тег 2&gt;', '&lt;Тег 3&gt;', помещая между ними &lt;Свой текст 1&gt;, &lt;Свой текст 2&gt;  и записать в '&lt;Тег 4&gt;'.</string>
  </descriptions>
  <ignoreCase>true</ignoreCase>
  <applyToPlayingTrack>false</applyToPlayingTrack>
  <condition>false</condition>
  <columnWeights>
    <float>134.03978</float>
    <float>20.028038</float>
    <float>18.9417744</float>
    <float>7.07901</float>
    <float>18.7415447</float>
    <float>18.18722</float>
    <float>17.20079</float>
    <float>25</float>
    <float>16.071743</float>
    <float>25</float>
    <float>24.7100754</float>
  </columnWeights>
  <isMSRPreset>false</isMSRPreset>
  <parameterTagType>2</parameterTagType>
  <parameterTag2Type>2</parameterTag2Type>
  <parameterTag3Type>2</parameterTag3Type>
  <parameterTag4Type>1</parameterTag4Type>
  <parameterTag5Type>0</parameterTag5Type>
  <parameterTag6Type>0</parameterTag6Type>
  <parameterTagId>-2</parameterTagId>
  <parameterTag2Id>30</parameterTag2Id>
  <parameterTag3Id>65</parameterTag3Id>
  <parameterTag4Id>44</parameterTag4Id>
  <parameterTag5Id>0</parameterTag5Id>
  <parameterTag6Id>0</parameterTag6Id>
  <customTextChecked>true</customTextChecked>
  <customText> - </customText>
  <customText2Checked>true</customText2Checked>
  <customText2> - </customText2>
  <customText3Checked>false</customText3Checked>
  <customText3 />
  <customText4Checked>false</customText4Checked>
  <customText4 />
  <preserveValues />
  <searchedTagId>-101</searchedTagId>
  <searchedPattern>^(.*)</searchedPattern>
  <searchedTag2Id>-102</searchedTag2Id>
  <searchedPattern2>^(.*)</searchedPattern2>
  <searchedTag3Id>-103</searchedTag3Id>
  <searchedPattern3>^(.*)</searchedPattern3>
  <searchedTag4Id>-201</searchedTag4Id>
  <searchedPattern4>^(.*)</searchedPattern4>
  <searchedTag5Id>-201</searchedTag5Id>
  <searchedPattern5 />
  <replacedTagId>-201</replacedTagId>
  <replacedPattern>$1</replacedPattern>
  <replacedTag2Id>-201</replacedTag2Id>
  <replacedPattern2>\@1$1</replacedPattern2>
  <replacedTag3Id>-201</replacedTag3Id>
  <replacedPattern3>\@2$1</replacedPattern3>
  <replacedTag4Id>-104</replacedTag4Id>
  <replacedPattern4>$1</replacedPattern4>
  <replacedTag5Id>-201</replacedTag5Id>
  <replacedPattern5 />
  <append>false</append>
  <append2>true</append2>
  <append3>true</append3>
  <append4>false</append4>
  <append5>false</append5>
</Preset>