﻿<?xml version="1.0" encoding="utf-8"?>
<Preset xmlns:xsi="http://www.w3.org/2001/XMLSchema-instance" xmlns:xsd="http://www.w3.org/2001/XMLSchema">
  <modifiedUtc>2013-04-14T18:50:18.0894256Z</modifiedUtc>
  <userPreset>false</userPreset>
  <customizedByUser>false</customizedByUser>
  <guid>ee61137d-f45b-45a7-8de4-0c367657b916</guid>
  <id />
  <hotkeyAssigned>false</hotkeyAssigned>
  <names>
    <string>de</string>
    <string>Verbinde Tags '&lt;Tag 1&gt;', '&lt;Tag 2&gt;', '&lt;Tag 3&gt;', '&lt;Tag 4&gt;' und schreibe Ergebnis in '&lt;Tag 5&gt;'</string>
    <string>en</string>
    <string>Combine tags '&lt;Tag 1&gt;', '&lt;Tag 2&gt;', '&lt;Tag 3&gt;', '&lt;Tag 4&gt;' and write result in '&lt;Tag 5&gt;'</string>
    <string>pl</string>
    <string>Połącz tagi '&lt;Tag 1&gt;', '&lt;Tag 2&gt;', '&lt;Tag 3&gt;' i '&lt;Tag 4&gt;' a rezultat zapisz w '&lt;Tagu 5&gt;'</string>
    <string>ru</string>
    <string>Объединить теги '&lt;Тег 1&gt;', '&lt;Тег 2&gt;', '&lt;Тег 3&gt;', '&lt;Тег 4&gt;' и записать в '&lt;Тег 5&gt;'</string>
  </names>
  <descriptions>
    <string>de</string>
    <string>Verbinde Tags '&lt;Tag 1&gt;', '&lt;Tag 2&gt;', '&lt;Tag 3&gt;', '&lt;Tag 4&gt;' durch &lt;Eigener Text 1&gt;, &lt;Eigener Text 2&gt;, &lt;Eigener Text 3&gt; und schreibe das Ergebnis in '&lt;Tag 5&gt;'.</string>
    <string>en</string>
    <string>Combine tags '&lt;Tag 1&gt;', '&lt;Tag 2&gt;', '&lt;Tag 3&gt;', '&lt;Tag 4&gt;' placing between them &lt;Custom text 1&gt;, &lt;Custom text 2&gt;, &lt;Custom text 3&gt; and write result in '&lt;Tag 5&gt;'.</string>
    <string>pl</string>
    <string>Połącz tagi '&lt;Tag 1&gt;', '&lt;Tag 2&gt;', '&lt;Tag 3&gt;' i '&lt;Tag 4&gt;', umieszczając między nimi &lt;Własny tekst 1&gt;, &lt;Własny tekst 2&gt;, &lt;Własny tekst 3&gt;, a rezultat zapisz w '&lt;Tagu 5&gt;'.</string>
    <string>ru</string>
    <string>Объединить теги '&lt;Тег 1&gt;', '&lt;Тег 2&gt;', '&lt;Тег 3&gt;', '&lt;Тег 4&gt;', помещая между ними &lt;Свой текст 1&gt;, &lt;Свой текст 2&gt;, &lt;Свой текст 3&gt;  и записать в '&lt;Тег 5&gt;'.</string>
  </descriptions>
  <ignoreCase>true</ignoreCase>
  <applyToPlayingTrack>false</applyToPlayingTrack>
  <condition>false</condition>
  <columnWeights>
    <float>138.536362</float>
    <float>20.028038</float>
    <float>18.9417744</float>
    <float>7.07901</float>
    <float>18.7415447</float>
    <float>18.18722</float>
    <float>17.20079</float>
    <float>18.7973347</float>
    <float>17.77782</float>
    <float>25</float>
    <float>24.7100754</float>
  </columnWeights>
  <isMSRPreset>false</isMSRPreset>
  <parameterTagType>2</parameterTagType>
  <parameterTag2Type>2</parameterTag2Type>
  <parameterTag3Type>2</parameterTag3Type>
  <parameterTag4Type>2</parameterTag4Type>
  <parameterTag5Type>1</parameterTag5Type>
  <parameterTag6Type>0</parameterTag6Type>
  <parameterTagId>-2</parameterTagId>
  <parameterTag2Id>30</parameterTag2Id>
  <parameterTag3Id>86</parameterTag3Id>
  <parameterTag4Id>65</parameterTag4Id>
  <parameterTag5Id>44</parameterTag5Id>
  <parameterTag6Id>0</parameterTag6Id>
  <customTextChecked>true</customTextChecked>
  <customText> - </customText>
  <customText2Checked>true</customText2Checked>
  <customText2> - </customText2>
  <customText3Checked>true</customText3Checked>
  <customText3> - </customText3>
  <customText4Checked>false</customText4Checked>
  <customText4 />
  <preserveValues />
  <searchedTagId>-101</searchedTagId>
  <searchedPattern>^(.*)</searchedPattern>
  <searchedTag2Id>-102</searchedTag2Id>
  <searchedPattern2>^(.*)</searchedPattern2>
  <searchedTag3Id>-103</searchedTag3Id>
  <searchedPattern3>^(.*)</searchedPattern3>
  <searchedTag4Id>-104</searchedTag4Id>
  <searchedPattern4>^(.*)</searchedPattern4>
  <searchedTag5Id>-201</searchedTag5Id>
  <searchedPattern5>^(.*)</searchedPattern5>
  <replacedTagId>-201</replacedTagId>
  <replacedPattern>$1</replacedPattern>
  <replacedTag2Id>-201</replacedTag2Id>
  <replacedPattern2>\@1$1</replacedPattern2>
  <replacedTag3Id>-201</replacedTag3Id>
  <replacedPattern3>\@2$1</replacedPattern3>
  <replacedTag4Id>-201</replacedTag4Id>
  <replacedPattern4>\@3$1</replacedPattern4>
  <replacedTag5Id>-105</replacedTag5Id>
  <replacedPattern5>$1</replacedPattern5>
  <append>false</append>
  <append2>true</append2>
  <append3>true</append3>
  <append4>true</append4>
  <append5>false</append5>
</Preset>