﻿<?xml version="1.0" encoding="utf-8"?>
<Preset xmlns:xsi="http://www.w3.org/2001/XMLSchema-instance" xmlns:xsd="http://www.w3.org/2001/XMLSchema">
  <modifiedUtc>2013-04-14T18:43:02.9855391Z</modifiedUtc>
  <userPreset>false</userPreset>
  <customizedByUser>false</customizedByUser>
  <guid>b9a39d99-b48c-4912-adcf-b2411ce30a4d</guid>
  <id />
  <hotkeyAssigned>false</hotkeyAssigned>
  <names>
    <string>de</string>
    <string>Verbinde Tags '&lt;Tag 1&gt;', '&lt;Tag 2&gt;' und schreibe Ergebnis in '&lt;Tag 3&gt;'</string>
    <string>en</string>
    <string>Combine tags '&lt;Tag 1&gt;', '&lt;Tag 2&gt;' and write result in '&lt;Tag 3&gt;'</string>
    <string>pl</string>
    <string>Połącz tagi '&lt;Tag 1&gt;' i '&lt;Tag 2&gt;' a rezultat zapisz w '&lt;Tagu 3&gt;'</string>
    <string>ru</string>
    <string>Объединить теги '&lt;Тег 1&gt;', '&lt;Тег 2&gt;' и записать в '&lt;Тег 3&gt;'</string>
  </names>
  <descriptions>
    <string>de</string>
    <string>Verbinde Tags '&lt;Tag 1&gt;', '&lt;Tag 2&gt;' durch &lt;Eigener Text 1&gt; und schreibe das Ergebnis in '&lt;Tag 3&gt;'.</string>
    <string>en</string>
    <string>Combine tags '&lt;Tag 1&gt;', '&lt;Tag 2&gt;' placing between them &lt;Custom text 1&gt; and write result in '&lt;Tag 3&gt;'.</string>
    <string>pl</string>
    <string>Połącz tagi '&lt;Tag 1&gt;' i '&lt;Tag 2&gt;', umieszczając między nimi &lt;Własny tekst 1&gt;, a rezultat zapisz w '&lt;Tagu 3&gt;'.</string>
    <string>ru</string>
    <string>Объединить теги '&lt;Тег 1&gt;', '&lt;Тег 2&gt;', помещая между ними &lt;Свой текст 1&gt;  и записать в '&lt;Тег 3&gt;'.</string>
  </descriptions>
  <ignoreCase>true</ignoreCase>
  <applyToPlayingTrack>false</applyToPlayingTrack>
  <condition>false</condition>
  <columnWeights>
    <float>147.606659</float>
    <float>19.1949558</float>
    <float>15.8553286</float>
    <float>25</float>
    <float>25</float>
    <float>25</float>
    <float>25</float>
    <float>25</float>
    <float>25</float>
    <float>25</float>
    <float>25</float>
  </columnWeights>
  <isMSRPreset>false</isMSRPreset>
  <parameterTagType>2</parameterTagType>
  <parameterTag2Type>2</parameterTag2Type>
  <parameterTag3Type>1</parameterTag3Type>
  <parameterTag4Type>0</parameterTag4Type>
  <parameterTag5Type>0</parameterTag5Type>
  <parameterTag6Type>0</parameterTag6Type>
  <parameterTagId>-2</parameterTagId>
  <parameterTag2Id>30</parameterTag2Id>
  <parameterTag3Id>44</parameterTag3Id>
  <parameterTag4Id>0</parameterTag4Id>
  <parameterTag5Id>0</parameterTag5Id>
  <parameterTag6Id>0</parameterTag6Id>
  <customTextChecked>true</customTextChecked>
  <customText> - </customText>
  <customText2Checked>false</customText2Checked>
  <customText2 />
  <customText3Checked>false</customText3Checked>
  <customText3 />
  <customText4Checked>false</customText4Checked>
  <customText4 />
  <preserveValues />
  <searchedTagId>-101</searchedTagId>
  <searchedPattern>^(.*)</searchedPattern>
  <searchedTag2Id>-102</searchedTag2Id>
  <searchedPattern2>^(.*)</searchedPattern2>
  <searchedTag3Id>-201</searchedTag3Id>
  <searchedPattern3>^(.*)</searchedPattern3>
  <searchedTag4Id>41</searchedTag4Id>
  <searchedPattern4 />
  <searchedTag5Id>41</searchedTag5Id>
  <searchedPattern5 />
  <replacedTagId>-201</replacedTagId>
  <replacedPattern>$1</replacedPattern>
  <replacedTag2Id>-201</replacedTag2Id>
  <replacedPattern2>\@1$1</replacedPattern2>
  <replacedTag3Id>-103</replacedTag3Id>
  <replacedPattern3>$1</replacedPattern3>
  <replacedTag4Id>41</replacedTag4Id>
  <replacedPattern4 />
  <replacedTag5Id>41</replacedTag5Id>
  <replacedPattern5 />
  <append>false</append>
  <append2>true</append2>
  <append3>false</append3>
  <append4>true</append4>
  <append5>true</append5>
</Preset>