﻿<?xml version="1.0" encoding="utf-8"?>
<Preset xmlns:xsi="http://www.w3.org/2001/XMLSchema-instance" xmlns:xsd="http://www.w3.org/2001/XMLSchema">
  <modifiedUtc>2018-04-20T12:39:14.5004718Z</modifiedUtc>
  <userPreset>false</userPreset>
  <customizedByUser>false</customizedByUser>
  <guid>f855885a-7a66-4b74-845f-42f393350fd3</guid>
  <id />
  <hotkeyAssigned>false</hotkeyAssigned>
  <names>
    <string>de</string>
    <string>Konvertiere Song/Album ReplayGain nach SoundCheck-Format für m4a</string>
    <string>en</string>
    <string>Convert track/album ReplayGain to SoundCheck format for m4a</string>
    <string>pl</string>
    <string>Konwertuj normalizację głośności Utworu/Albumu z formatu ReplayGain do SoundCheck dla m4a</string>
    <string>ru</string>
    <string>Конвертировать ReplayGain дорожки/альбома в формат SoundCheck для m4a</string>
  </names>
  <descriptions>
    <string>de</string>
    <string>Konvertiere Album ReplayGain nach SoundCheck-Format und schreibe den Wert in &lt;Tag 1&gt;. Wenn es keinen Album ReplayGain gibt, dann konvertiere Song ReplayGain nach SoundCheck-Format.</string>
    <string>en</string>
    <string>Convert album ReplayGain to SoundCheck format and write it to &lt;Tag 1&gt;. If there is no album ReplayGain then convert track ReplayGain to SoundCheck.</string>
    <string>pl</string>
    <string>Konwertuj normalizację głośności Utworu z formatu ReplayGain do SoundCheck i zapisz w &lt;Tagu 1&gt;. Jeśli nie ma taga ReplayGain utworu, to konwertuj tag ReplayGain albumu do SoundCheck.</string>
    <string>ru</string>
    <string>Конвертировать ReplayGain тег альбома в формат SoundCheck и записать в тег &lt;Тег 1&gt;. Если нет ReplayGain тега альбома, то конвертировать ReplayGain тег дорожки в формат SoundCheck.</string>
  </descriptions>
  <ignoreCase>true</ignoreCase>
  <applyToPlayingTrack>false</applyToPlayingTrack>
  <condition>false</condition>
  <columnWeights>
    <float>161.415436</float>
    <float>21.9016857</float>
    <float>20.7138</float>
    <float>7.07901</float>
    <float>1.28709269</float>
    <float>1.07257724</float>
    <float>20.7485561</float>
    <float>25</float>
    <float>16.071743</float>
    <float>25</float>
    <float>24.7100754</float>
  </columnWeights>
  <isMSRPreset>false</isMSRPreset>
  <parameterTagType>1</parameterTagType>
  <parameterTag2Type>0</parameterTag2Type>
  <parameterTag3Type>0</parameterTag3Type>
  <parameterTag4Type>0</parameterTag4Type>
  <parameterTag5Type>0</parameterTag5Type>
  <parameterTag6Type>0</parameterTag6Type>
  <parameterTagId>99</parameterTagId>
  <parameterTag2Id>0</parameterTag2Id>
  <parameterTag3Id>0</parameterTag3Id>
  <parameterTag4Id>0</parameterTag4Id>
  <parameterTag5Id>0</parameterTag5Id>
  <parameterTag6Id>0</parameterTag6Id>
  <customTextChecked>false</customTextChecked>
  <customText />
  <customText2Checked>false</customText2Checked>
  <customText2 />
  <customText3Checked>false</customText3Checked>
  <customText3 />
  <customText4Checked>false</customText4Checked>
  <customText4 />
  <preserveValues />
  <searchedTagId>1094</searchedTagId>
  <searchedPattern>^(.+)</searchedPattern>
  <searchedTag2Id>1095</searchedTag2Id>
  <searchedPattern2>^(.+)</searchedPattern2>
  <searchedTag3Id>-201</searchedTag3Id>
  <searchedPattern3 />
  <searchedTag4Id>-201</searchedTag4Id>
  <searchedPattern4 />
  <searchedTag5Id>-201</searchedTag5Id>
  <searchedPattern5 />
  <replacedTagId>-101</replacedTagId>
  <replacedPattern>\@rg2sc[[$1]]</replacedPattern>
  <replacedTag2Id>-101</replacedTag2Id>
  <replacedPattern2>\@rg2sc[[$1]]</replacedPattern2>
  <replacedTag3Id>-201</replacedTag3Id>
  <replacedPattern3 />
  <replacedTag4Id>-201</replacedTag4Id>
  <replacedPattern4 />
  <replacedTag5Id>-201</replacedTag5Id>
  <replacedPattern5 />
  <append>false</append>
  <append2>false</append2>
  <append3>false</append3>
  <append4>false</append4>
  <append5>false</append5>
</Preset>