﻿<?xml version="1.0" encoding="utf-8"?>
<Preset xmlns:xsi="http://www.w3.org/2001/XMLSchema-instance" xmlns:xsd="http://www.w3.org/2001/XMLSchema">
  <modifiedUtc>2018-05-06T17:05:31.8354985Z</modifiedUtc>
  <userPreset>false</userPreset>
  <customizedByUser>false</customizedByUser>
  <guid>e9d93161-34d4-472d-b95a-34197fcf002f</guid>
  <id />
  <hotkeyAssigned>false</hotkeyAssigned>
  <names>
    <string>de</string>
    <string>Convert all artists with their roles after comma to performers</string>
    <string>en</string>
    <string>Convert all artists with their roles after comma to performers</string>
    <string>fr</string>
    <string>Convert all artists with their roles after comma to performers</string>
    <string>pl</string>
    <string>Convert all artists with their roles after comma to performers</string>
    <string>ru</string>
    <string>Преобразовать исполнителей с указанными ролями в соисполнителей</string>
  </names>
  <descriptions>
    <string>de</string>
    <string>Preset converts all artists with their roles after comma to performers with their roles in special fields. </string>
    <string>en</string>
    <string>Preset converts all artists with their roles after comma to performers with their roles in special fields. </string>
    <string>fr</string>
    <string>Preset converts all artists with their roles after comma to performers with their roles in special fields. </string>
    <string>pl</string>
    <string>Preset converts all artists with their roles after comma to performers with their roles in special fields. </string>
    <string>ru</string>
    <string>Пресет преобразует всех исполнителей с их ролями после запятой в соисполнителей с ролями в специальном поле. </string>
  </descriptions>
  <ignoreCase>true</ignoreCase>
  <applyToPlayingTrack>false</applyToPlayingTrack>
  <condition>false</condition>
  <columnWeights>
    <float>144.225922</float>
    <float>19.59397</float>
    <float>15.8553286</float>
    <float>25</float>
    <float>25</float>
    <float>25</float>
    <float>25</float>
    <float>25</float>
    <float>25</float>
    <float>25</float>
    <float>25</float>
  </columnWeights>
  <isMSRPreset>false</isMSRPreset>
  <parameterTagType>0</parameterTagType>
  <parameterTag2Type>0</parameterTag2Type>
  <parameterTag3Type>0</parameterTag3Type>
  <parameterTag4Type>0</parameterTag4Type>
  <parameterTag5Type>0</parameterTag5Type>
  <parameterTag6Type>0</parameterTag6Type>
  <parameterTagId>0</parameterTagId>
  <parameterTag2Id>0</parameterTag2Id>
  <parameterTag3Id>0</parameterTag3Id>
  <parameterTag4Id>0</parameterTag4Id>
  <parameterTag5Id>0</parameterTag5Id>
  <parameterTag6Id>0</parameterTag6Id>
  <customTextChecked>false</customTextChecked>
  <customText />
  <customText2Checked>false</customText2Checked>
  <customText2 />
  <customText3Checked>false</customText3Checked>
  <customText3 />
  <customText4Checked>false</customText4Checked>
  <customText4 />
  <preserveValues />
  <searchedTagId>-2</searchedTagId>
  <searchedPattern>(.*?),\s*(.*?)(\x00|;\s*|$)</searchedPattern>
  <searchedTag2Id>-2</searchedTag2Id>
  <searchedPattern2 />
  <searchedTag3Id>-2</searchedTag3Id>
  <searchedPattern3 />
  <searchedTag4Id>-1</searchedTag4Id>
  <searchedPattern4 />
  <searchedTag5Id>-201</searchedTag5Id>
  <searchedPattern5 />
  <replacedTagId>-2</replacedTagId>
  <replacedPattern>\@char[[2]]$1 (\@lc[[$2]])\@null[[]]</replacedPattern>
  <replacedTag2Id>-2</replacedTag2Id>
  <replacedPattern2 />
  <replacedTag3Id>-2</replacedTag3Id>
  <replacedPattern3 />
  <replacedTag4Id>-1</replacedTag4Id>
  <replacedPattern4 />
  <replacedTag5Id>-2</replacedTag5Id>
  <replacedPattern5 />
  <append>false</append>
  <append2>false</append2>
  <append3>false</append3>
  <append4>false</append4>
  <append5>false</append5>
</Preset>