﻿<?xml version="1.0" encoding="utf-8"?>
<Preset xmlns:xsi="http://www.w3.org/2001/XMLSchema-instance" xmlns:xsd="http://www.w3.org/2001/XMLSchema">
  <modifiedUtc>2018-04-20T12:34:32.2644671Z</modifiedUtc>
  <userPreset>false</userPreset>
  <customizedByUser>false</customizedByUser>
  <guid>25c71862-eca9-43f0-89e4-ccbb9832b544</guid>
  <id />
  <hotkeyAssigned>false</hotkeyAssigned>
  <names>
    <string>de</string>
    <string />
    <string>en</string>
    <string>Copy all artists from 'Displayed Artist' tag to 'Artist' tag</string>
    <string>fr</string>
    <string />
    <string>pl</string>
    <string />
    <string>ru</string>
    <string>Записать тег 'Отображаемый исполнитель' с несколькими исполнителями в тег 'Исполнитель'</string>
  </names>
  <descriptions>
    <string>de</string>
    <string />
    <string>en</string>
    <string>Preset copies all artists separated by text &amp;, vs., feat. from 'Displayed Artist' tag to multi-item 'Artist' tag</string>
    <string>fr</string>
    <string />
    <string>pl</string>
    <string />
    <string>ru</string>
    <string>Пресет записывает всех исполнителей, разделенных текстом &amp;, vs., feat.  из тега 'Отображаемый исполнитель' в тег 'Исполнитель'. </string>
  </descriptions>
  <ignoreCase>true</ignoreCase>
  <applyToPlayingTrack>false</applyToPlayingTrack>
  <condition>false</condition>
  <columnWeights>
    <float>123.555069</float>
    <float>16.7645969</float>
    <float>15.8553286</float>
    <float>25</float>
    <float>25</float>
    <float>25</float>
    <float>25</float>
    <float>25</float>
    <float>25</float>
    <float>25</float>
    <float>25</float>
  </columnWeights>
  <isMSRPreset>false</isMSRPreset>
  <parameterTagType>0</parameterTagType>
  <parameterTag2Type>0</parameterTag2Type>
  <parameterTag3Type>0</parameterTag3Type>
  <parameterTag4Type>0</parameterTag4Type>
  <parameterTag5Type>0</parameterTag5Type>
  <parameterTag6Type>0</parameterTag6Type>
  <parameterTagId>0</parameterTagId>
  <parameterTag2Id>0</parameterTag2Id>
  <parameterTag3Id>0</parameterTag3Id>
  <parameterTag4Id>0</parameterTag4Id>
  <parameterTag5Id>0</parameterTag5Id>
  <parameterTag6Id>0</parameterTag6Id>
  <customTextChecked>false</customTextChecked>
  <customText />
  <customText2Checked>false</customText2Checked>
  <customText2 />
  <customText3Checked>false</customText3Checked>
  <customText3 />
  <customText4Checked>false</customText4Checked>
  <customText4 />
  <preserveValues />
  <searchedTagId>-1</searchedTagId>
  <searchedPattern>(.*?)(\s*&amp;\s*|\s*feat\.\s*|\s*feat\s*|\s*vs\.\s*|\s*vs\s*|;\s*|\,\s*|$)</searchedPattern>
  <searchedTag2Id>-2</searchedTag2Id>
  <searchedPattern2>\x00$</searchedPattern2>
  <searchedTag3Id>-2</searchedTag3Id>
  <searchedPattern3>\x00$</searchedPattern3>
  <searchedTag4Id>-201</searchedTag4Id>
  <searchedPattern4 />
  <searchedTag5Id>-201</searchedTag5Id>
  <searchedPattern5 />
  <replacedTagId>-2</replacedTagId>
  <replacedPattern>$1\@null[[]]</replacedPattern>
  <replacedTag2Id>-2</replacedTag2Id>
  <replacedPattern2 />
  <replacedTag3Id>-2</replacedTag3Id>
  <replacedPattern3 />
  <replacedTag4Id>-201</replacedTag4Id>
  <replacedPattern4 />
  <replacedTag5Id>-201</replacedTag5Id>
  <replacedPattern5 />
  <append>false</append>
  <append2>false</append2>
  <append3>false</append3>
  <append4>false</append4>
  <append5>false</append5>
</Preset>