﻿<?xml version="1.0" encoding="utf-8"?>
<Preset xmlns:xsi="http://www.w3.org/2001/XMLSchema-instance" xmlns:xsd="http://www.w3.org/2001/XMLSchema">
  <modifiedUtc>2022-11-08T14:37:38.5605056Z</modifiedUtc>
  <userPreset>false</userPreset>
  <customizedByUser>false</customizedByUser>
  <guid>a3c4e82b-1c99-4e84-aba1-7e6c53f59475</guid>
  <id />
  <hotkeyAssigned>false</hotkeyAssigned>
  <names>
    <string>de</string>
    <string>Copy guest artists from &lt;Tag 1&gt;</string>
    <string>en</string>
    <string>Copy guest artists from &lt;Tag 1&gt;</string>
    <string>fr</string>
    <string>Copy guest artists from &lt;Tag 1&gt;</string>
    <string>pl</string>
    <string>Copy guest artists from &lt;Tag 1&gt;</string>
    <string>ru</string>
    <string>Скопировать приглашенных исполнителей из тега &lt;Тег 1&gt;</string>
  </names>
  <descriptions>
    <string>de</string>
    <string>Preset copies guest artists separated by char from &lt;Custom text 1&gt; from &lt;Tag 1&gt; to tag 'Artist'</string>
    <string>en</string>
    <string>Preset copies guest artists separated by char from &lt;Custom text 1&gt; from &lt;Tag 1&gt; to tag 'Artist'</string>
    <string>fr</string>
    <string>Preset copies guest artists separated by char from &lt;Custom text 1&gt; from &lt;Tag 1&gt; to tag 'Artist'</string>
    <string>pl</string>
    <string>Preset copies guest artists separated by char from &lt;Custom text 1&gt; from &lt;Tag 1&gt; to tag 'Artist'</string>
    <string>ru</string>
    <string>Пресет копирует приглашенных исполнителей, разделенных символом из текста &lt;Свой текст 1&gt;, из тега &lt;Тег 1&gt; в тег 'Исполнитель'</string>
  </descriptions>
  <ignoreCase>true</ignoreCase>
  <applyToPlayingTrack>false</applyToPlayingTrack>
  <condition>false</condition>
  <columnWeights>
    <float>123.555069</float>
    <float>25</float>
    <float>25</float>
    <float>25</float>
    <float>25</float>
    <float>25</float>
    <float>25</float>
    <float>25</float>
    <float>25</float>
    <float>25</float>
    <float>25</float>
  </columnWeights>
  <isMSRPreset>false</isMSRPreset>
  <parameterTagType>2</parameterTagType>
  <parameterTag2Type>0</parameterTag2Type>
  <parameterTag3Type>0</parameterTag3Type>
  <parameterTag4Type>0</parameterTag4Type>
  <parameterTag5Type>0</parameterTag5Type>
  <parameterTag6Type>0</parameterTag6Type>
  <parameterTagId>46</parameterTagId>
  <parameterTag2Id>0</parameterTag2Id>
  <parameterTag3Id>0</parameterTag3Id>
  <parameterTag4Id>0</parameterTag4Id>
  <parameterTag5Id>0</parameterTag5Id>
  <parameterTag6Id>0</parameterTag6Id>
  <customTextChecked>true</customTextChecked>
  <customText>; </customText>
  <customText2Checked>false</customText2Checked>
  <customText2 />
  <customText3Checked>false</customText3Checked>
  <customText3 />
  <customText4Checked>false</customText4Checked>
  <customText4 />
  <preserveValues />
  <searchedTagId>-101</searchedTagId>
  <searchedPattern>(\@1)</searchedPattern>
  <searchedTag2Id>-201</searchedTag2Id>
  <searchedPattern2>(.*?)(\x00|$)</searchedPattern2>
  <searchedTag3Id>-201</searchedTag3Id>
  <searchedPattern3 />
  <searchedTag4Id>-201</searchedTag4Id>
  <searchedPattern4 />
  <searchedTag5Id>-201</searchedTag5Id>
  <searchedPattern5 />
  <replacedTagId>-201</replacedTagId>
  <replacedPattern>\@null[[]]</replacedPattern>
  <replacedTag2Id>-2</replacedTag2Id>
  <replacedPattern2>\@char[[2]]$1\@null[[]]</replacedPattern2>
  <replacedTag3Id>-201</replacedTag3Id>
  <replacedPattern3 />
  <replacedTag4Id>-201</replacedTag4Id>
  <replacedPattern4 />
  <replacedTag5Id>-201</replacedTag5Id>
  <replacedPattern5 />
  <append>false</append>
  <append2>true</append2>
  <append3>false</append3>
  <append4>false</append4>
  <append5>false</append5>
</Preset>