﻿<?xml version="1.0" encoding="utf-8"?>
<Preset xmlns:xsi="http://www.w3.org/2001/XMLSchema-instance" xmlns:xsd="http://www.w3.org/2001/XMLSchema">
  <modifiedUtc>2014-04-09T15:05:45.1847592Z</modifiedUtc>
  <userPreset>false</userPreset>
  <customizedByUser>false</customizedByUser>
  <guid>44138d8a-66c2-41cc-872a-f83a108a0228</guid>
  <id />
  <hotkeyAssigned>false</hotkeyAssigned>
  <names>
    <string>en</string>
    <string>Copy last word of track path to &lt;Tag 1&gt;</string>
    <string>ru</string>
    <string>Копировать последнее слово в пути дорожки в тег &lt;Тег 1&gt;</string>
  </names>
  <descriptions>
    <string>en</string>
    <string>Preset copies last word of track path to &lt;Tag 1&gt;, e.g. "Adele_Live-1980-CD" will be copied to &lt;Tag 1&gt; for track path "D:\Music\Pop\Adele\Adele_Live-1980-CD\".</string>
    <string>ru</string>
    <string>Пресет копирует последнее слово в пути дорожки в тег &lt;Тег 1&gt;. Например, если путь к дорожке "D:\Music\Pop\Adele\Adele_Live-1980-CD\", то в тег &lt;Тег 1&gt; будет скопировано "Adele_Live-1980-CD".</string>
  </descriptions>
  <ignoreCase>true</ignoreCase>
  <applyToPlayingTrack>false</applyToPlayingTrack>
  <condition>false</condition>
  <columnWeights>
    <float>146.046341</float>
    <float>19.1949558</float>
    <float>15.8553286</float>
    <float>25</float>
    <float>25</float>
    <float>25</float>
    <float>25</float>
    <float>25</float>
    <float>25</float>
    <float>25</float>
    <float>25</float>
  </columnWeights>
  <isMSRPreset>false</isMSRPreset>
  <parameterTagType>1</parameterTagType>
  <parameterTag2Type>0</parameterTag2Type>
  <parameterTag3Type>0</parameterTag3Type>
  <parameterTag4Type>0</parameterTag4Type>
  <parameterTag5Type>0</parameterTag5Type>
  <parameterTag6Type>0</parameterTag6Type>
  <parameterTagId>96</parameterTagId>
  <parameterTag2Id>0</parameterTag2Id>
  <parameterTag3Id>0</parameterTag3Id>
  <parameterTag4Id>0</parameterTag4Id>
  <parameterTag5Id>0</parameterTag5Id>
  <parameterTag6Id>0</parameterTag6Id>
  <customTextChecked>false</customTextChecked>
  <customText />
  <customText2Checked>false</customText2Checked>
  <customText2 />
  <customText3Checked>false</customText3Checked>
  <customText3 />
  <customText4Checked>false</customText4Checked>
  <customText4 />
  <preserveValues />
  <searchedTagId>1002</searchedTagId>
  <searchedPattern>.*\\(.*)\\.*\..*</searchedPattern>
  <searchedTag2Id>-201</searchedTag2Id>
  <searchedPattern2 />
  <searchedTag3Id>-201</searchedTag3Id>
  <searchedPattern3 />
  <searchedTag4Id>-201</searchedTag4Id>
  <searchedPattern4 />
  <searchedTag5Id>-201</searchedTag5Id>
  <searchedPattern5 />
  <replacedTagId>-101</replacedTagId>
  <replacedPattern>$1</replacedPattern>
  <replacedTag2Id>-201</replacedTag2Id>
  <replacedPattern2 />
  <replacedTag3Id>-201</replacedTag3Id>
  <replacedPattern3 />
  <replacedTag4Id>-201</replacedTag4Id>
  <replacedPattern4 />
  <replacedTag5Id>-201</replacedTag5Id>
  <replacedPattern5 />
  <append>false</append>
  <append2>false</append2>
  <append3>false</append3>
  <append4>false</append4>
  <append5>false</append5>
</Preset>