﻿<?xml version="1.0" encoding="utf-8"?>
<Preset xmlns:xsi="http://www.w3.org/2001/XMLSchema-instance" xmlns:xsd="http://www.w3.org/2001/XMLSchema">
  <modifiedUtc>2022-12-03T16:28:51.9527354Z</modifiedUtc>
  <userPreset>false</userPreset>
  <customizedByUser>false</customizedByUser>
  <guid>34850364-e9cb-4004-a219-89b3109d0b74</guid>
  <id />
  <hotkeyAssigned>false</hotkeyAssigned>
  <names>
    <string>de</string>
    <string>Example: Copy tag</string>
    <string>en</string>
    <string>Example: Copy tag</string>
    <string>fr</string>
    <string>Example: Copy tag</string>
    <string>pl</string>
    <string>Example: Copy tag</string>
    <string>ru</string>
    <string>Пример: Копировать тег</string>
  </names>
  <descriptions>
    <string>de</string>
    <string>Preset copies '&lt;Tag 1&gt;' to '&lt;Tag 2&gt;'. This preset is mostly an example for creating new custom presets. You can create several copies of this preset, adjust source and destination tags, and tick these copies for auto-applying if new tracks are added to the library. </string>
    <string>en</string>
    <string>Preset copies '&lt;Tag 1&gt;' to '&lt;Tag 2&gt;'. This preset is mostly an example for creating new custom presets. You can create several copies of this preset, adjust source and destination tags, and tick these copies for auto-applying if new tracks are added to the library. </string>
    <string>fr</string>
    <string>Preset copies '&lt;Tag 1&gt;' to '&lt;Tag 2&gt;'. This preset is mostly an example for creating new custom presets. You can create several copies of this preset, adjust source and destination tags, and tick these copies for auto-applying if new tracks are added to the library. </string>
    <string>pl</string>
    <string>Preset copies '&lt;Tag 1&gt;' to '&lt;Tag 2&gt;'. This preset is mostly an example for creating new custom presets. You can create several copies of this preset, adjust source and destination tags, and tick these copies for auto-applying if new tracks are added to the library. </string>
    <string>ru</string>
    <string>Пресет копирует тег '&lt;Тег 1&gt;' в тег '&lt;Тег 2&gt;'. Этот пресет является, в основном, примером для создания пользовательских пресетов. Можно создать несколько копий этого пресета, настроить в копиях теги-источники и теги назначения и отметить копии пресета для автоматического применения при добавлении новых дорожек в библиотеку. </string>
  </descriptions>
  <ignoreCase>true</ignoreCase>
  <applyToPlayingTrack>false</applyToPlayingTrack>
  <condition>false</condition>
  <columnWeights>
    <float>75</float>
    <float>25</float>
    <float>25</float>
    <float>25</float>
    <float>25</float>
    <float>25</float>
    <float>25</float>
    <float>25</float>
    <float>25</float>
    <float>25</float>
    <float>25</float>
  </columnWeights>
  <isMSRPreset>false</isMSRPreset>
  <parameterTagType>2</parameterTagType>
  <parameterTag2Type>1</parameterTag2Type>
  <parameterTag3Type>0</parameterTag3Type>
  <parameterTag4Type>0</parameterTag4Type>
  <parameterTag5Type>0</parameterTag5Type>
  <parameterTag6Type>0</parameterTag6Type>
  <parameterTagId>-2</parameterTagId>
  <parameterTag2Id>65</parameterTag2Id>
  <parameterTag3Id>0</parameterTag3Id>
  <parameterTag4Id>0</parameterTag4Id>
  <parameterTag5Id>0</parameterTag5Id>
  <parameterTag6Id>0</parameterTag6Id>
  <customTextChecked>false</customTextChecked>
  <customText />
  <customText2Checked>false</customText2Checked>
  <customText2 />
  <customText3Checked>false</customText3Checked>
  <customText3 />
  <customText4Checked>false</customText4Checked>
  <customText4 />
  <preserveValues />
  <searchedTagId>-101</searchedTagId>
  <searchedPattern>^(.*)</searchedPattern>
  <searchedTag2Id>65</searchedTag2Id>
  <searchedPattern2 />
  <searchedTag3Id>65</searchedTag3Id>
  <searchedPattern3 />
  <searchedTag4Id>41</searchedTag4Id>
  <searchedPattern4 />
  <searchedTag5Id>41</searchedTag5Id>
  <searchedPattern5 />
  <replacedTagId>-102</replacedTagId>
  <replacedPattern>$1</replacedPattern>
  <replacedTag2Id>76</replacedTag2Id>
  <replacedPattern2 />
  <replacedTag3Id>76</replacedTag3Id>
  <replacedPattern3 />
  <replacedTag4Id>41</replacedTag4Id>
  <replacedPattern4 />
  <replacedTag5Id>41</replacedTag5Id>
  <replacedPattern5 />
  <append>false</append>
  <append2>false</append2>
  <append3>false</append3>
  <append4>false</append4>
  <append5>false</append5>
</Preset>