﻿<?xml version="1.0" encoding="utf-8"?>
<Preset xmlns:xsi="http://www.w3.org/2001/XMLSchema-instance" xmlns:xsd="http://www.w3.org/2001/XMLSchema">
  <modifiedUtc>2022-12-03T16:29:33.2055379Z</modifiedUtc>
  <userPreset>false</userPreset>
  <customizedByUser>false</customizedByUser>
  <guid>bf25159a-02e3-426d-9a19-d83c9e7e6cb4</guid>
  <id />
  <hotkeyAssigned>false</hotkeyAssigned>
  <names>
    <string>de</string>
    <string>Example: Set tag</string>
    <string>en</string>
    <string>Example: Set tag</string>
    <string>fr</string>
    <string>Example: Set tag</string>
    <string>pl</string>
    <string />
    <string>ru</string>
    <string>Пример: Установить тег</string>
  </names>
  <descriptions>
    <string>de</string>
    <string>Preset writes '&lt;Custom text 1&gt;' to '&lt;Tag 1&gt;'. This preset is mostly an example for creating new custom presets. You can create several copies of this preset, adjust various values to write to tags, and assign hotkeys for preset copies to quickly set tag values (e.g. to to set ratings). </string>
    <string>en</string>
    <string>Preset writes '&lt;Custom text 1&gt;' to '&lt;Tag 1&gt;'. This preset is mostly an example for creating new custom presets. You can create several copies of this preset, adjust various values to write to tags, and assign hotkeys for preset copies to quickly set tag values (e.g. to to set ratings). </string>
    <string>fr</string>
    <string>Preset writes '&lt;Custom text 1&gt;' to '&lt;Tag 1&gt;'. This preset is mostly an example for creating new custom presets. You can create several copies of this preset, adjust various values to write to tags, and assign hotkeys for preset copies to quickly set tag values (e.g. to to set ratings). </string>
    <string>pl</string>
    <string>Preset writes '&lt;Custom text 1&gt;' to '&lt;Tag 1&gt;'. This preset is mostly an example for creating new custom presets. You can create several copies of this preset, adjust various values to write to tags, and assign hotkeys for preset copies to quickly set tag values (e.g. to to set ratings). </string>
    <string>ru</string>
    <string>Пресет записывает &lt;Свой текст 1&gt; в тег '&lt;Тег 1&gt;'. Этот пресет является, в основном, примером для создания пользовательских пресетов. Можно создать несколько копий этого пресета, настроить копии для установки различных значений в теги и назначить комбинации клавиш для быстрой установки этих значений. Например, чтобы установить рейтинг. </string>
  </descriptions>
  <ignoreCase>true</ignoreCase>
  <applyToPlayingTrack>false</applyToPlayingTrack>
  <condition>false</condition>
  <columnWeights>
    <float>75</float>
    <float>25</float>
    <float>25</float>
    <float>25</float>
    <float>25</float>
    <float>25</float>
    <float>25</float>
    <float>25</float>
    <float>25</float>
    <float>25</float>
    <float>25</float>
  </columnWeights>
  <isMSRPreset>false</isMSRPreset>
  <parameterTagType>1</parameterTagType>
  <parameterTag2Type>0</parameterTag2Type>
  <parameterTag3Type>0</parameterTag3Type>
  <parameterTag4Type>0</parameterTag4Type>
  <parameterTag5Type>0</parameterTag5Type>
  <parameterTag6Type>0</parameterTag6Type>
  <parameterTagId>76</parameterTagId>
  <parameterTag2Id>0</parameterTag2Id>
  <parameterTag3Id>0</parameterTag3Id>
  <parameterTag4Id>0</parameterTag4Id>
  <parameterTag5Id>0</parameterTag5Id>
  <parameterTag6Id>0</parameterTag6Id>
  <customTextChecked>true</customTextChecked>
  <customText>N</customText>
  <customText2Checked>false</customText2Checked>
  <customText2 />
  <customText3Checked>false</customText3Checked>
  <customText3 />
  <customText4Checked>false</customText4Checked>
  <customText4 />
  <preserveValues />
  <searchedTagId>-20</searchedTagId>
  <searchedPattern>^(.*)</searchedPattern>
  <searchedTag2Id>65</searchedTag2Id>
  <searchedPattern2 />
  <searchedTag3Id>65</searchedTag3Id>
  <searchedPattern3 />
  <searchedTag4Id>41</searchedTag4Id>
  <searchedPattern4 />
  <searchedTag5Id>41</searchedTag5Id>
  <searchedPattern5 />
  <replacedTagId>-101</replacedTagId>
  <replacedPattern>\@1</replacedPattern>
  <replacedTag2Id>76</replacedTag2Id>
  <replacedPattern2 />
  <replacedTag3Id>76</replacedTag3Id>
  <replacedPattern3 />
  <replacedTag4Id>41</replacedTag4Id>
  <replacedPattern4 />
  <replacedTag5Id>41</replacedTag5Id>
  <replacedPattern5 />
  <append>false</append>
  <append2>false</append2>
  <append3>false</append3>
  <append4>false</append4>
  <append5>false</append5>
</Preset>