﻿<?xml version="1.0" encoding="utf-8"?>
<Preset xmlns:xsi="http://www.w3.org/2001/XMLSchema-instance" xmlns:xsd="http://www.w3.org/2001/XMLSchema">
  <modifiedUtc>2021-07-11T04:57:34.5585159Z</modifiedUtc>
  <userPreset>false</userPreset>
  <customizedByUser>false</customizedByUser>
  <guid>ab61e7f3-05cb-4174-b96b-0cbb00727189</guid>
  <id />
  <hotkeyAssigned>false</hotkeyAssigned>
  <names>
    <string>en</string>
    <string>Example: Paste tags from clipboard</string>
    <string>ru</string>
    <string>Пример: Вставить теги из буфера обмена</string>
  </names>
  <descriptions>
    <string>en</string>
    <string>This preset is mostly an example for creating new custom presets. Click 'Copy' button and modify preset copy to your needs. Tags in clipboard should be separated by &lt;Custom text 1&gt;. The number of lines in clipboard must correspond to the number of selected files. If the number of tags in clipboard is less than 5 then select &lt;null&gt; in last tags. The preset wont be correctly auto-applied.</string>
    <string>ru</string>
    <string>Этот пресет является, в основном, примером для создания пользовательских пресетов. Нажмите кнопку 'Копировать' и измените копию пресета, как вам надо. Теги в буфере обмена должны быть разделены символами &lt;Свой текст 1&gt;. Количество строк в буфере обмена должно совпадать с количеством выбранных файлов. Если количество тегов в буфере меньше 5, то в последних тегах надо выбрать тег &lt;null&gt;. Шаблон не будет корректно авто-применяться. </string>
  </descriptions>
  <ignoreCase>true</ignoreCase>
  <applyToPlayingTrack>false</applyToPlayingTrack>
  <condition>false</condition>
  <columnWeights>
    <float>75</float>
    <float>25</float>
    <float>25</float>
    <float>25</float>
    <float>25</float>
    <float>25</float>
    <float>25</float>
    <float>25</float>
    <float>25</float>
    <float>25</float>
    <float>25</float>
  </columnWeights>
  <isMSRPreset>false</isMSRPreset>
  <parameterTagType>1</parameterTagType>
  <parameterTag2Type>1</parameterTag2Type>
  <parameterTag3Type>1</parameterTag3Type>
  <parameterTag4Type>1</parameterTag4Type>
  <parameterTag5Type>1</parameterTag5Type>
  <parameterTag6Type>0</parameterTag6Type>
  <parameterTagId>-2</parameterTagId>
  <parameterTag2Id>65</parameterTag2Id>
  <parameterTag3Id>-20</parameterTag3Id>
  <parameterTag4Id>-20</parameterTag4Id>
  <parameterTag5Id>-20</parameterTag5Id>
  <parameterTag6Id>0</parameterTag6Id>
  <customTextChecked>true</customTextChecked>
  <customText>*</customText>
  <customText2Checked>false</customText2Checked>
  <customText2 />
  <customText3Checked>false</customText3Checked>
  <customText3 />
  <customText4Checked>false</customText4Checked>
  <customText4 />
  <preserveValues />
  <searchedTagId>-150</searchedTagId>
  <searchedPattern>^([^\@1]*)\@1?([^\@1]*)\@1?([^\@1]*)\@1?([^\@1]*)\@1?([^\@1]*)(.*)</searchedPattern>
  <searchedTag2Id>-150</searchedTag2Id>
  <searchedPattern2>^([^\@1]*)\@1?([^\@1]*)\@1?([^\@1]*)\@1?([^\@1]*)\@1?([^\@1]*)(.*)</searchedPattern2>
  <searchedTag3Id>-150</searchedTag3Id>
  <searchedPattern3>^([^\@1]*)\@1?([^\@1]*)\@1?([^\@1]*)\@1?([^\@1]*)\@1?([^\@1]*)(.*)</searchedPattern3>
  <searchedTag4Id>-150</searchedTag4Id>
  <searchedPattern4>^([^\@1]*)\@1?([^\@1]*)\@1?([^\@1]*)\@1?([^\@1]*)\@1?([^\@1]*)(.*)</searchedPattern4>
  <searchedTag5Id>-150</searchedTag5Id>
  <searchedPattern5>^([^\@1]*)\@1?([^\@1]*)\@1?([^\@1]*)\@1?([^\@1]*)\@1?([^\@1]*)(.*)</searchedPattern5>
  <replacedTagId>-101</replacedTagId>
  <replacedPattern>$1</replacedPattern>
  <replacedTag2Id>-102</replacedTag2Id>
  <replacedPattern2>$2</replacedPattern2>
  <replacedTag3Id>-103</replacedTag3Id>
  <replacedPattern3>$3</replacedPattern3>
  <replacedTag4Id>-104</replacedTag4Id>
  <replacedPattern4>$4</replacedPattern4>
  <replacedTag5Id>-105</replacedTag5Id>
  <replacedPattern5>$5</replacedPattern5>
  <append>false</append>
  <append2>false</append2>
  <append3>false</append3>
  <append4>false</append4>
  <append5>false</append5>
</Preset>