﻿<?xml version="1.0" encoding="utf-8"?>
<Preset xmlns:xsi="http://www.w3.org/2001/XMLSchema-instance" xmlns:xsd="http://www.w3.org/2001/XMLSchema">
  <modifiedUtc>2022-08-24T14:54:55.4329678Z</modifiedUtc>
  <userPreset>false</userPreset>
  <customizedByUser>false</customizedByUser>
  <guid>7e0604a5-2a22-43ad-9313-bba1a9c4ecd3</guid>
  <id />
  <hotkeyAssigned>false</hotkeyAssigned>
  <names>
    <string>en</string>
    <string>Example: Write result of virtual tag expression defined in &lt;Custom text 1&gt; to &lt;Tag 2&gt;</string>
    <string>ru</string>
    <string>Пример: Записать результат выражения для виртуального тега из поля &lt;Свой текст 1&gt; в тег &lt;Тег 2&gt;</string>
  </names>
  <descriptions>
    <string>en</string>
    <string>Preset writes the result of virtual tag expression defined in &lt;Custom text 1&gt; to &lt;Tag 2&gt; (without creation of new virtual tag). This preset is just an example for your own custom presets. Click 'Copy' button to view preset definition and change it as you need. Function @eval[[Expression]] calculates any expression valid for virtual tag, parameter \@1 means &lt;Custom text 1&gt;. </string>
    <string>ru</string>
    <string>Пресет записывает результат выражения для виртуального тега из поля &lt;Свой текст 1&gt; в тег &lt;Тег 2&gt; (без создания нового виртуального тега). Этот пресет является только образцом для создания новых пользовательских пресетов. Нажмите кнопку 'Копировать', чтобы посмотреть определение пресета и изменить его, как вам надо. Функция @eval[[Выражение]] вычисляет любое выражение, верное для виртуального тега, параметр \@1 означает &lt;Свой текст 1&gt;. </string>
  </descriptions>
  <ignoreCase>true</ignoreCase>
  <applyToPlayingTrack>false</applyToPlayingTrack>
  <condition>false</condition>
  <columnWeights>
    <float>46.18083</float>
    <float>25</float>
    <float>25</float>
    <float>25</float>
    <float>25</float>
    <float>25</float>
    <float>25</float>
    <float>25</float>
    <float>25</float>
    <float>25</float>
    <float>25</float>
  </columnWeights>
  <isMSRPreset>false</isMSRPreset>
  <parameterTagType>2</parameterTagType>
  <parameterTag2Type>1</parameterTag2Type>
  <parameterTag3Type>0</parameterTag3Type>
  <parameterTag4Type>0</parameterTag4Type>
  <parameterTag5Type>0</parameterTag5Type>
  <parameterTag6Type>0</parameterTag6Type>
  <parameterTagId>65</parameterTagId>
  <parameterTag2Id>46</parameterTag2Id>
  <parameterTag3Id>0</parameterTag3Id>
  <parameterTag4Id>0</parameterTag4Id>
  <parameterTag5Id>0</parameterTag5Id>
  <parameterTag6Id>0</parameterTag6Id>
  <customTextChecked>true</customTextChecked>
  <customText>$Len("$1")</customText>
  <customText2Checked>false</customText2Checked>
  <customText2 />
  <customText3Checked>false</customText3Checked>
  <customText3 />
  <customText4Checked>false</customText4Checked>
  <customText4 />
  <preserveValues />
  <searchedTagId>-101</searchedTagId>
  <searchedPattern>^(.*)</searchedPattern>
  <searchedTag2Id>-201</searchedTag2Id>
  <searchedPattern2 />
  <searchedTag3Id>-201</searchedTag3Id>
  <searchedPattern3 />
  <searchedTag4Id>-201</searchedTag4Id>
  <searchedPattern4 />
  <searchedTag5Id>-201</searchedTag5Id>
  <searchedPattern5 />
  <replacedTagId>-102</replacedTagId>
  <replacedPattern>\@eval[[\@1]]</replacedPattern>
  <replacedTag2Id>-201</replacedTag2Id>
  <replacedPattern2 />
  <replacedTag3Id>-201</replacedTag3Id>
  <replacedPattern3 />
  <replacedTag4Id>-201</replacedTag4Id>
  <replacedPattern4 />
  <replacedTag5Id>-201</replacedTag5Id>
  <replacedPattern5 />
  <append>false</append>
  <append2>false</append2>
  <append3>false</append3>
  <append4>false</append4>
  <append5>false</append5>
</Preset>