﻿<?xml version="1.0" encoding="utf-8"?>
<Preset xmlns:xsi="http://www.w3.org/2001/XMLSchema-instance" xmlns:xsd="http://www.w3.org/2001/XMLSchema">
  <modifiedUtc>2022-12-03T16:26:32.2481877Z</modifiedUtc>
  <userPreset>false</userPreset>
  <customizedByUser>false</customizedByUser>
  <guid>e90e23b9-b0c6-42df-b4b2-feaa372eae76</guid>
  <id />
  <hotkeyAssigned>false</hotkeyAssigned>
  <names>
    <string>de</string>
    <string>Example: Change case - Sentence case</string>
    <string>en</string>
    <string>Example: Change case - Sentence case</string>
    <string>fr</string>
    <string>Example: Change case - Sentence case</string>
    <string>pl</string>
    <string>Example: Change case - Sentence case</string>
    <string>ru</string>
    <string>Пример: Изменить регистр тега - Как в предложении</string>
  </names>
  <descriptions>
    <string>de</string>
    <string>Preset changes case of '&lt;Tag 1&gt;' excluding words in '&lt;Custom text 1&gt;' (first word is always capitalized). This preset is mostly an example for creating new custom presets, but it may be useful as is. Click 'Copy' button and change preset copy to your needs. Function \@sc[[Parameter1;;Parameter2]] means 'Sentence case Parameter1 except for words from Prameter2'. \@1 means &lt;Custom text 1&gt;. </string>
    <string>en</string>
    <string>Preset changes case of '&lt;Tag 1&gt;' excluding words in '&lt;Custom text 1&gt;' (first word is always capitalized). This preset is mostly an example for creating new custom presets, but it may be useful as is. Click 'Copy' button and change preset copy to your needs. Function \@sc[[Parameter1;;Parameter2]] means 'Sentence case Parameter1 except for words from Prameter2'. \@1 means &lt;Custom text 1&gt;. </string>
    <string>fr</string>
    <string>Preset changes case of '&lt;Tag 1&gt;' excluding words in '&lt;Custom text 1&gt;' (first word is always capitalized). This preset is mostly an example for creating new custom presets, but it may be useful as is. Click 'Copy' button and change preset copy to your needs. Function \@sc[[Parameter1;;Parameter2]] means 'Sentence case Parameter1 except for words from Prameter2'. \@1 means &lt;Custom text 1&gt;. </string>
    <string>pl</string>
    <string>Preset changes case of '&lt;Tag 1&gt;' excluding words in '&lt;Custom text 1&gt;' (first word is always capitalized). This preset is mostly an example for creating new custom presets, but it may be useful as is. Click 'Copy' button and change preset copy to your needs. Function \@sc[[Parameter1;;Parameter2]] means 'Sentence case Parameter1 except for words from Prameter2'. \@1 means &lt;Custom text 1&gt;. </string>
    <string>ru</string>
    <string>Пресет изменяет регистр в теге '&lt;Тег 1&gt; ', исключая слова из текста &lt;Свой текст 1&gt; (первое слово всегда переводится в верхний регистр). Этот пресет является, в основном, примером для создания пользовательских пресетов, хотя он может быть полезен сам по себе. Нажмите кнопку 'Копировать' и измените копию пресета, как вам надо. Функция \@sc[[Параметер1;;Параметер2]] означает 'Перевести Параметер1 в регистр как в предложении за исключением слов из Параметра2'. \@1 обозначает &lt;Свой текст 1&gt;. </string>
  </descriptions>
  <ignoreCase>true</ignoreCase>
  <applyToPlayingTrack>false</applyToPlayingTrack>
  <condition>false</condition>
  <columnWeights>
    <float>165.416916</float>
    <float>25</float>
    <float>25</float>
    <float>25</float>
    <float>25</float>
    <float>25</float>
    <float>25</float>
    <float>25</float>
    <float>25</float>
    <float>25</float>
    <float>25</float>
  </columnWeights>
  <isMSRPreset>false</isMSRPreset>
  <parameterTagType>1</parameterTagType>
  <parameterTag2Type>0</parameterTag2Type>
  <parameterTag3Type>0</parameterTag3Type>
  <parameterTag4Type>0</parameterTag4Type>
  <parameterTag5Type>0</parameterTag5Type>
  <parameterTag6Type>0</parameterTag6Type>
  <parameterTagId>34</parameterTagId>
  <parameterTag2Id>0</parameterTag2Id>
  <parameterTag3Id>0</parameterTag3Id>
  <parameterTag4Id>0</parameterTag4Id>
  <parameterTag5Id>0</parameterTag5Id>
  <parameterTag6Id>0</parameterTag6Id>
  <customTextChecked>true</customTextChecked>
  <customText>the a an and or not of by</customText>
  <customText2Checked>false</customText2Checked>
  <customText2 />
  <customText3Checked>false</customText3Checked>
  <customText3 />
  <customText4Checked>false</customText4Checked>
  <customText4 />
  <preserveValues />
  <searchedTagId>-101</searchedTagId>
  <searchedPattern>^(.*)</searchedPattern>
  <searchedTag2Id>-101</searchedTag2Id>
  <searchedPattern2 />
  <searchedTag3Id>-101</searchedTag3Id>
  <searchedPattern3 />
  <searchedTag4Id>-101</searchedTag4Id>
  <searchedPattern4 />
  <searchedTag5Id>-101</searchedTag5Id>
  <searchedPattern5 />
  <replacedTagId>-101</replacedTagId>
  <replacedPattern>\@sc[[$1;;\@1]]</replacedPattern>
  <replacedTag2Id>-101</replacedTag2Id>
  <replacedPattern2 />
  <replacedTag3Id>-101</replacedTag3Id>
  <replacedPattern3 />
  <replacedTag4Id>-101</replacedTag4Id>
  <replacedPattern4 />
  <replacedTag5Id>-101</replacedTag5Id>
  <replacedPattern5 />
  <append>false</append>
  <append2>false</append2>
  <append3>false</append3>
  <append4>false</append4>
  <append5>false</append5>
</Preset>