﻿<?xml version="1.0" encoding="utf-8"?>
<Preset xmlns:xsi="http://www.w3.org/2001/XMLSchema-instance" xmlns:xsd="http://www.w3.org/2001/XMLSchema">
  <modifiedUtc>2013-04-14T19:39:31.6963623Z</modifiedUtc>
  <userPreset>false</userPreset>
  <customizedByUser>false</customizedByUser>
  <guid>c793dedd-1125-4a09-ae83-d148d2e7a846</guid>
  <id />
  <hotkeyAssigned>false</hotkeyAssigned>
  <names>
    <string>de</string>
    <string>Extrahiere Disk-Nr. aus Song-Nr - '(##-##)' Format</string>
    <string>en</string>
    <string>Extract disk # from track # - '(##-##)' format</string>
    <string>fr</string>
    <string>Extraire le disqie# depuis le piste# - format '(##-##)'</string>
    <string>pl</string>
    <string>Wydobądź nr dysku z numeru utworu - w formacie '(##-##)'</string>
    <string>ru</string>
    <string>Извлечь номер диска из номера дорожки - формат '##-##'</string>
  </names>
  <descriptions>
    <string>de</string>
    <string>Der Befehl extrahiert die Disk-Nr. (getrennt von der Song-Nr. durch &lt;Eigener Text&gt;) aus dem 'Song-Nr.' Tag und speichert sie im 'Disk-Nr.' Ttag (z.B.: aus dem 'Song-Nr.' Tag  '02-12' wird 12 und 'Disk-Nr.' - 02). </string>
    <string>en</string>
    <string>Preset extracts disk # (delimited from real track # by &lt;Custom text&gt;) from 'Track #' tag saving it to 'Disk #' tag (e.g. 'Track #' tag  '02-12' becomes 12 and 'Disk #' - 02). </string>
    <string>fr</string>
    <string>La presete extrait le disque# (délimité du vrai piste# par &lt;Texte personnalisé&gt;) depuis le tag 'Piste#' et l'enregistre dans le tag 'Disque#'  (ex: le tag 'Piste#'  '02-12' devient 12 et 'Disque#' - 02). </string>
    <string>pl</string>
    <string>Polecenie wydobywa nr (#) dysku (oddzielony od prawdziwego numeru utworu przez &lt;Własny tekst&gt;) z taga 'Nr utworu', zapisując go w tagu 'Nr dysku' (ang. 'Disk #') - np. tag 'Nr utworu' w postaci '02-12' zmieni się na 12 a 'Nr dysku' - 02.</string>
    <string>ru</string>
    <string>Пресет извлекает номер диска (отделенный от настоящего номера дорожки текстом &lt;Свой текст&gt;) из тега '№ дорожки' и записывает его в тег '№ диска' (например, тег '№ дорожки' '02-12' станет 12 и тег '№ диска' - 02). </string>
  </descriptions>
  <ignoreCase>true</ignoreCase>
  <applyToPlayingTrack>false</applyToPlayingTrack>
  <condition>false</condition>
  <columnWeights>
    <float>186.348618</float>
    <float>25</float>
    <float>25</float>
    <float>25</float>
    <float>25</float>
    <float>25</float>
    <float>25</float>
    <float>25</float>
    <float>25</float>
    <float>25</float>
    <float>25</float>
  </columnWeights>
  <isMSRPreset>false</isMSRPreset>
  <parameterTagType>0</parameterTagType>
  <parameterTag2Type>0</parameterTag2Type>
  <parameterTag3Type>0</parameterTag3Type>
  <parameterTag4Type>0</parameterTag4Type>
  <parameterTag5Type>0</parameterTag5Type>
  <parameterTag6Type>0</parameterTag6Type>
  <parameterTagId>0</parameterTagId>
  <parameterTag2Id>0</parameterTag2Id>
  <parameterTag3Id>0</parameterTag3Id>
  <parameterTag4Id>0</parameterTag4Id>
  <parameterTag5Id>0</parameterTag5Id>
  <parameterTag6Id>0</parameterTag6Id>
  <customTextChecked>true</customTextChecked>
  <customText>-</customText>
  <customText2Checked>false</customText2Checked>
  <customText2 />
  <customText3Checked>false</customText3Checked>
  <customText3 />
  <customText4Checked>false</customText4Checked>
  <customText4 />
  <preserveValues />
  <searchedTagId>86</searchedTagId>
  <searchedPattern>^(\d\d)\@1(\d\d)$</searchedPattern>
  <searchedTag2Id>86</searchedTag2Id>
  <searchedPattern2>^(\d\d)\@1(\d\d)$</searchedPattern2>
  <searchedTag3Id>30</searchedTag3Id>
  <searchedPattern3 />
  <searchedTag4Id>41</searchedTag4Id>
  <searchedPattern4 />
  <searchedTag5Id>41</searchedTag5Id>
  <searchedPattern5 />
  <replacedTagId>52</replacedTagId>
  <replacedPattern>$1</replacedPattern>
  <replacedTag2Id>86</replacedTag2Id>
  <replacedPattern2>$2</replacedPattern2>
  <replacedTag3Id>30</replacedTag3Id>
  <replacedPattern3 />
  <replacedTag4Id>41</replacedTag4Id>
  <replacedPattern4 />
  <replacedTag5Id>41</replacedTag5Id>
  <replacedPattern5 />
  <append>false</append>
  <append2>false</append2>
  <append3>false</append3>
  <append4>false</append4>
  <append5>false</append5>
</Preset>