﻿<?xml version="1.0" encoding="utf-8"?>
<Preset xmlns:xsi="http://www.w3.org/2001/XMLSchema-instance" xmlns:xsd="http://www.w3.org/2001/XMLSchema">
  <modifiedUtc>2022-12-25T11:44:55.6319962Z</modifiedUtc>
  <userPreset>false</userPreset>
  <customizedByUser>false</customizedByUser>
  <guid>aaa2f738-cde5-46cd-8488-97ae638ca2bb</guid>
  <id />
  <hotkeyAssigned>false</hotkeyAssigned>
  <names>
    <string>en</string>
    <string>Extract featuring artists from tag 'Displayed artist' and add them to the (Guest) 'Artist' tag - 'Artist (&lt;Custom text 1&gt; &lt;Artist1&gt; &lt;Custom text 2&gt; &lt;Artist2&gt;)' format</string>
    <string>ru</string>
    <string>Извлечь приглашенных исполнителей из тега 'Отображаемый исполнитель' и добавить их в список исполнителей - формат 'Исполнитель (&lt;Свой текст 1&gt; &lt;исполнитель1&gt; &lt;Свой текст 2&gt; &lt;исполнитель2&gt;)'</string>
  </names>
  <descriptions>
    <string>en</string>
    <string>Preset extracts featuring artists from tag 'Displayed artist' (if tag 'Displayed artist' is in the form 'Artist (&lt;Custom text 1&gt; &lt;Artist1&gt; &lt;Custom text 2&gt; &lt;Artist2&gt; &lt;Custom text 2&gt; &lt;Artist3&gt;)') and adds them to the list of artists as guest artists.</string>
    <string>ru</string>
    <string>Пресет извлекает приглашенных исполнителей из тега 'Отображаемый исполнитель' (если тег 'Отображаемый исполнитель' хранится в форме 'Исполни^(.*?)\s*\@1.*тель (&lt;Свой текст 1&gt; &lt;исполнитель1&gt; &lt;Свой текст 2&gt; &lt;исполнитель2&gt; &lt;Свой текст 2&gt; &lt;исполнитель3&gt;)') и добавляет их в список исполнителей, как приглашенных исполнителей. </string>
  </descriptions>
  <ignoreCase>true</ignoreCase>
  <applyToPlayingTrack>false</applyToPlayingTrack>
  <condition>false</condition>
  <columnWeights>
    <float>186.348618</float>
    <float>25</float>
    <float>25</float>
    <float>25</float>
    <float>25</float>
    <float>25</float>
    <float>25</float>
    <float>25</float>
    <float>25</float>
    <float>25</float>
    <float>25</float>
  </columnWeights>
  <isMSRPreset>false</isMSRPreset>
  <parameterTagType>0</parameterTagType>
  <parameterTag2Type>0</parameterTag2Type>
  <parameterTag3Type>0</parameterTag3Type>
  <parameterTag4Type>0</parameterTag4Type>
  <parameterTag5Type>0</parameterTag5Type>
  <parameterTag6Type>0</parameterTag6Type>
  <parameterTagId>0</parameterTagId>
  <parameterTag2Id>0</parameterTag2Id>
  <parameterTag3Id>0</parameterTag3Id>
  <parameterTag4Id>0</parameterTag4Id>
  <parameterTag5Id>0</parameterTag5Id>
  <parameterTag6Id>0</parameterTag6Id>
  <customTextChecked>true</customTextChecked>
  <customText>feat.</customText>
  <customText2Checked>true</customText2Checked>
  <customText2>&amp;</customText2>
  <customText3Checked>false</customText3Checked>
  <customText3 />
  <customText4Checked>false</customText4Checked>
  <customText4 />
  <preserveValues />
  <searchedTagId>-1</searchedTagId>
  <searchedPattern>^(.*?)\s*\((\s*\@1.*)\)</searchedPattern>
  <searchedTag2Id>-1</searchedTag2Id>
  <searchedPattern2>^(.*?)\s*\@1.*</searchedPattern2>
  <searchedTag3Id>-201</searchedTag3Id>
  <searchedPattern3>(\s*\@1\s*)|(\s*\@2\s*)</searchedPattern3>
  <searchedTag4Id>-201</searchedTag4Id>
  <searchedPattern4 />
  <searchedTag5Id>-201</searchedTag5Id>
  <searchedPattern5 />
  <replacedTagId>-201</replacedTagId>
  <replacedPattern>$2</replacedPattern>
  <replacedTag2Id>-2</replacedTag2Id>
  <replacedPattern2>$1</replacedPattern2>
  <replacedTag3Id>-2</replacedTag3Id>
  <replacedPattern3>\@null[[]]\@char[[1]]</replacedPattern3>
  <replacedTag4Id>-201</replacedTag4Id>
  <replacedPattern4 />
  <replacedTag5Id>-201</replacedTag5Id>
  <replacedPattern5 />
  <append>false</append>
  <append2>false</append2>
  <append3>true</append3>
  <append4>false</append4>
  <append5>false</append5>
</Preset>