﻿<?xml version="1.0" encoding="utf-8"?>
<Preset xmlns:xsi="http://www.w3.org/2001/XMLSchema-instance" xmlns:xsd="http://www.w3.org/2001/XMLSchema">
  <modifiedUtc>2020-02-22T10:13:37.3898703Z</modifiedUtc>
  <userPreset>false</userPreset>
  <customizedByUser>false</customizedByUser>
  <guid>ff8db0a1-06af-452b-b360-ac4ab026f436</guid>
  <id />
  <hotkeyAssigned>false</hotkeyAssigned>
  <names>
    <string>en</string>
    <string>Extract remixer from track title and add he to the 'Artist' tag - 'Title (&lt;remixer&gt; &lt;Custom text 1&gt;)' format</string>
    <string>ru</string>
    <string>Извлечь ремиксера из названия дорожки и добавить его в список исполнителей - формат 'Название (&lt;ремиксер&gt; &lt;Свой текст 1&gt;)'</string>
  </names>
  <descriptions>
    <string>en</string>
    <string>Preset extracts remixer from track title (if title is in the form 'Title (&lt;remixer&gt; &lt;Custom text 1&gt;)') and adds he to the list of artists.</string>
    <string>ru</string>
    <string>Пресет извлекает ремиксера из названия дорожки (если название хранится в форме 'Название (&lt;ремиксер&gt; &lt;Свой текст 1&gt;)') и добавляет его в список исполнителей. </string>
  </descriptions>
  <ignoreCase>true</ignoreCase>
  <applyToPlayingTrack>false</applyToPlayingTrack>
  <condition>false</condition>
  <columnWeights>
    <float>186.348618</float>
    <float>25</float>
    <float>25</float>
    <float>25</float>
    <float>25</float>
    <float>25</float>
    <float>25</float>
    <float>25</float>
    <float>25</float>
    <float>25</float>
    <float>25</float>
  </columnWeights>
  <isMSRPreset>false</isMSRPreset>
  <parameterTagType>0</parameterTagType>
  <parameterTag2Type>0</parameterTag2Type>
  <parameterTag3Type>0</parameterTag3Type>
  <parameterTag4Type>0</parameterTag4Type>
  <parameterTag5Type>0</parameterTag5Type>
  <parameterTag6Type>0</parameterTag6Type>
  <parameterTagId>0</parameterTagId>
  <parameterTag2Id>0</parameterTag2Id>
  <parameterTag3Id>0</parameterTag3Id>
  <parameterTag4Id>0</parameterTag4Id>
  <parameterTag5Id>0</parameterTag5Id>
  <parameterTag6Id>0</parameterTag6Id>
  <customTextChecked>true</customTextChecked>
  <customText>Remix</customText>
  <customText2Checked>false</customText2Checked>
  <customText2 />
  <customText3Checked>false</customText3Checked>
  <customText3 />
  <customText4Checked>false</customText4Checked>
  <customText4 />
  <preserveValues />
  <searchedTagId>65</searchedTagId>
  <searchedPattern>(.*)\((.*)\s*\@1\)</searchedPattern>
  <searchedTag2Id>-201</searchedTag2Id>
  <searchedPattern2 />
  <searchedTag3Id>-201</searchedTag3Id>
  <searchedPattern3 />
  <searchedTag4Id>-201</searchedTag4Id>
  <searchedPattern4 />
  <searchedTag5Id>-201</searchedTag5Id>
  <searchedPattern5 />
  <replacedTagId>-2</replacedTagId>
  <replacedPattern>\@null[[]]\@char[[3]]$2</replacedPattern>
  <replacedTag2Id>-201</replacedTag2Id>
  <replacedPattern2 />
  <replacedTag3Id>-201</replacedTag3Id>
  <replacedPattern3 />
  <replacedTag4Id>-201</replacedTag4Id>
  <replacedPattern4 />
  <replacedTag5Id>-201</replacedTag5Id>
  <replacedPattern5 />
  <append>true</append>
  <append2>false</append2>
  <append3>false</append3>
  <append4>false</append4>
  <append5>false</append5>
</Preset>