﻿<?xml version="1.0" encoding="utf-8"?>
<Preset xmlns:xsi="http://www.w3.org/2001/XMLSchema-instance" xmlns:xsd="http://www.w3.org/2001/XMLSchema">
  <modifiedUtc>2013-05-05T08:46:49.4680841Z</modifiedUtc>
  <userPreset>false</userPreset>
  <customizedByUser>false</customizedByUser>
  <guid>be01d604-ae6a-4e3e-bd27-5ffce6cac475</guid>
  <id />
  <hotkeyAssigned>false</hotkeyAssigned>
  <names>
    <string>de</string>
    <string>Extrahiere die Disk-Nr. aus dem Album Titel - '[# von #]' Format</string>
    <string>en</string>
    <string>Extract disk # from album title - '[# of #]' format</string>
    <string>fr</string>
    <string>Extraire le disque# depuis le titre de l'album - format '[# sur #]'</string>
    <string>pl</string>
    <string>Wydobądź nr dysku z tytułu albumu - w formacie '[# z #]'</string>
    <string>ru</string>
    <string>Извлечь номер диска из названия альбома - формат '[№ из №]'</string>
  </names>
  <descriptions>
    <string>de</string>
    <string>Der Befehl extrahiert die Disk-Nr. aus dem Album Titel und speichert sie im 'Disk-Nr.' Tag und die Disk-Anzahl im 'Disk-Anzahl' Tag (z.B.: aus Album Titel 'Irgendein Album [2 von 3]' wird 'Irgendein Album', 'Disk-Nr.' - 2 und 'Disk-Anzahl' - 3). </string>
    <string>en</string>
    <string>Preset extracts disk # from album title saving it to 'Disk #' tag and disk count to 'Disk count' tag (e.g. album title 'Some album [2 of 3]' becomes 'Some album', 'Disk #' - 2 and 'Disk count' - 3). </string>
    <string>fr</string>
    <string>La presete extrait le disque# depuis le titre de l'album et l'enregistre dans le tag 'Disqie#'  et le nombre de disques dans le tag 'Nombre de disques'  (ex: titre de l'album 'Un album [2 sur 3]' deviens 'Un album', 'Disque#' - 2 and 'Nombre de disques' - 3). </string>
    <string>pl</string>
    <string>Polecenie wydobywa nr (#) dysku z tytułu albumu, zapisując go w tagu 'Nr dysku' (ang. 'Disk #'), a liczbę dysków zapisuje w tagu 'Liczba dysków' (ang. 'Disk count') - np. Tytuł albumu 'Pewien album [2 z 3]' zmieni się na: 'Pewien album', 'Nr dysku' - 2 i 'Liczba dysków' - 3. </string>
    <string>ru</string>
    <string>Пресет извлекает номер диска из названия альбома и записывает его в тег 'Диск №' и число дисков в тег 'Число дисков' (например, название альбома 'Некоторый альбом [2 из 3]' станет 'Некоторый альбом', '№ диска' - 2 и 'Число дисков' - 3). </string>
  </descriptions>
  <ignoreCase>true</ignoreCase>
  <applyToPlayingTrack>false</applyToPlayingTrack>
  <condition>false</condition>
  <columnWeights>
    <float>141.466827</float>
    <float>19.1949558</float>
    <float>19.1949558</float>
    <float>8.253832</float>
    <float>21.25543</float>
    <float>1.07367182</float>
    <float>23.7784939</float>
    <float>25</float>
    <float>16.071743</float>
    <float>25</float>
    <float>24.7100754</float>
  </columnWeights>
  <isMSRPreset>false</isMSRPreset>
  <parameterTagType>0</parameterTagType>
  <parameterTag2Type>0</parameterTag2Type>
  <parameterTag3Type>0</parameterTag3Type>
  <parameterTag4Type>0</parameterTag4Type>
  <parameterTag5Type>0</parameterTag5Type>
  <parameterTag6Type>0</parameterTag6Type>
  <parameterTagId>0</parameterTagId>
  <parameterTag2Id>0</parameterTag2Id>
  <parameterTag3Id>0</parameterTag3Id>
  <parameterTag4Id>0</parameterTag4Id>
  <parameterTag5Id>0</parameterTag5Id>
  <parameterTag6Id>0</parameterTag6Id>
  <customTextChecked>false</customTextChecked>
  <customText />
  <customText2Checked>false</customText2Checked>
  <customText2 />
  <customText3Checked>false</customText3Checked>
  <customText3 />
  <customText4Checked>false</customText4Checked>
  <customText4 />
  <preserveValues />
  <searchedTagId>30</searchedTagId>
  <searchedPattern>^(.*?)\s+\(\s*(\d+).*?(\d+)\s*\).*$|^.*$</searchedPattern>
  <searchedTag2Id>30</searchedTag2Id>
  <searchedPattern2>^(.*?)\s+\(\s*(\d+).*?(\d+)\s*\).*$|^.*$</searchedPattern2>
  <searchedTag3Id>30</searchedTag3Id>
  <searchedPattern3>^(.*?)\s+\(\s*(\d+).*?(\d+)\s*\).*$</searchedPattern3>
  <searchedTag4Id>-201</searchedTag4Id>
  <searchedPattern4 />
  <searchedTag5Id>-201</searchedTag5Id>
  <searchedPattern5 />
  <replacedTagId>52</replacedTagId>
  <replacedPattern>$2</replacedPattern>
  <replacedTag2Id>54</replacedTag2Id>
  <replacedPattern2>$3</replacedPattern2>
  <replacedTag3Id>30</replacedTag3Id>
  <replacedPattern3>$1</replacedPattern3>
  <replacedTag4Id>-201</replacedTag4Id>
  <replacedPattern4 />
  <replacedTag5Id>-201</replacedTag5Id>
  <replacedPattern5 />
  <append>false</append>
  <append2>false</append2>
  <append3>false</append3>
  <append4>false</append4>
  <append5>false</append5>
</Preset>