﻿<?xml version="1.0" encoding="utf-8"?>
<Preset xmlns:xsi="http://www.w3.org/2001/XMLSchema-instance" xmlns:xsd="http://www.w3.org/2001/XMLSchema">
  <modifiedUtc>2013-05-05T08:47:46.8853682Z</modifiedUtc>
  <userPreset>false</userPreset>
  <customizedByUser>false</customizedByUser>
  <guid>804cf1a6-2344-4f3c-ab03-58961036fe0f</guid>
  <id />
  <hotkeyAssigned>false</hotkeyAssigned>
  <names>
    <string>de</string>
    <string>Extrahiere Disk-Nr. aus Album Titel - '[Disk #]' Format</string>
    <string>en</string>
    <string>Extract disk # from album title - '[disk #]' format</string>
    <string>fr</string>
    <string>Extraire le disque# depuis le titre de l'album - format '[disque#]'</string>
    <string>pl</string>
    <string>Wydobądź nr dysku z tytułu albumu - w formacie '[Dysk #]'</string>
    <string>ru</string>
    <string>Извлечь номер диска из названия альбома - формат '[диск №]'</string>
  </names>
  <descriptions>
    <string>de</string>
    <string>Der Befehl extrahiert die Disk-Nr. aus dem Album Titel und speichert sie im 'Disk-Nr.' Tag (z.B.: aus Album Titel 'Irgendein Album [CD 2]' wird 'Irgendein Album' und 'Disk #' - 2). </string>
    <string>en</string>
    <string>Preset extracts disk # from album title saving it to 'Disk #' tag (e.g. album title 'Some album [CD 2]' becomes 'Some album' and 'Disk #' - 2). </string>
    <string>fr</string>
    <string>La presete extrait le disque# depuis le titre de l'album et l'enregistre dans le tag 'Disque#' (ex: titre de l'album 'Un album [CD 2]' devient 'Un album' et 'Disque#' - 2). </string>
    <string>pl</string>
    <string>Polecenie wydobywa nr (#) dysku z tytułu albumu, zapisując go w tagu 'Nr dysku' (ang. 'Disk #') - np. Tytuł albumu 'Pewien album [CD 2]' zmieni się na: 'Pewien album' i 'Nr dysku' - 2.</string>
    <string>ru</string>
    <string>Пресет извлекает номер диска из названия альбома и записывает его в тег 'Диск №' (например, название альбома 'Некоторый альбом [CD 2]' станет 'Некоторый альбом' и '№ диска' - 2). </string>
  </descriptions>
  <ignoreCase>true</ignoreCase>
  <applyToPlayingTrack>false</applyToPlayingTrack>
  <condition>false</condition>
  <columnWeights>
    <float>158.259232</float>
    <float>21.4734364</float>
    <float>21.4734344</float>
    <float>7.08623457</float>
    <float>1.07367182</float>
    <float>1.07367182</float>
    <float>23.7784939</float>
    <float>25</float>
    <float>16.071743</float>
    <float>25</float>
    <float>24.7100754</float>
  </columnWeights>
  <isMSRPreset>false</isMSRPreset>
  <parameterTagType>0</parameterTagType>
  <parameterTag2Type>0</parameterTag2Type>
  <parameterTag3Type>0</parameterTag3Type>
  <parameterTag4Type>0</parameterTag4Type>
  <parameterTag5Type>0</parameterTag5Type>
  <parameterTag6Type>0</parameterTag6Type>
  <parameterTagId>0</parameterTagId>
  <parameterTag2Id>0</parameterTag2Id>
  <parameterTag3Id>0</parameterTag3Id>
  <parameterTag4Id>0</parameterTag4Id>
  <parameterTag5Id>0</parameterTag5Id>
  <parameterTag6Id>0</parameterTag6Id>
  <customTextChecked>false</customTextChecked>
  <customText />
  <customText2Checked>false</customText2Checked>
  <customText2 />
  <customText3Checked>false</customText3Checked>
  <customText3 />
  <customText4Checked>false</customText4Checked>
  <customText4 />
  <preserveValues />
  <searchedTagId>30</searchedTagId>
  <searchedPattern>^(.*)\[.*\s+(\d+).*\].*$|^.*$</searchedPattern>
  <searchedTag2Id>30</searchedTag2Id>
  <searchedPattern2>^(.*)\[.*\s+(\d+).*\].*$</searchedPattern2>
  <searchedTag3Id>30</searchedTag3Id>
  <searchedPattern3 />
  <searchedTag4Id>-201</searchedTag4Id>
  <searchedPattern4 />
  <searchedTag5Id>-201</searchedTag5Id>
  <searchedPattern5 />
  <replacedTagId>52</replacedTagId>
  <replacedPattern>$2</replacedPattern>
  <replacedTag2Id>30</replacedTag2Id>
  <replacedPattern2>$1</replacedPattern2>
  <replacedTag3Id>30</replacedTag3Id>
  <replacedPattern3 />
  <replacedTag4Id>-201</replacedTag4Id>
  <replacedPattern4 />
  <replacedTag5Id>-201</replacedTag5Id>
  <replacedPattern5 />
  <append>false</append>
  <append2>false</append2>
  <append3>false</append3>
  <append4>false</append4>
  <append5>false</append5>
</Preset>