﻿<?xml version="1.0" encoding="utf-8"?>
<Preset xmlns:xsi="http://www.w3.org/2001/XMLSchema-instance" xmlns:xsd="http://www.w3.org/2001/XMLSchema">
  <modifiedUtc>2020-02-24T06:26:33.3749251Z</modifiedUtc>
  <userPreset>false</userPreset>
  <customizedByUser>false</customizedByUser>
  <guid>337c617a-06fc-4498-b6cf-25327c5635a5</guid>
  <id />
  <hotkeyAssigned>false</hotkeyAssigned>
  <names>
    <string>en</string>
    <string>Extract featuring artists from track title and add them to the 'Artist' tag - 'Title (&lt;Custom text 1&gt; &lt;Artist1&gt; &lt;Custom text 2&gt; &lt;Artist2&gt;)' format</string>
    <string>ru</string>
    <string>Извлечь участвующих исполнителей из названия дорожки и добавить их в список исполнителей - формат 'Название (&lt;Свой текст 1&gt; &lt;исполнитель1&gt; &lt;Свой текст 2&gt; &lt;исполнитель2&gt;)'</string>
  </names>
  <descriptions>
    <string>en</string>
    <string>Preset extracts featuring artists from track title (if title is in the form 'Title (&lt;Custom text 1&gt; &lt;Artist1&gt; &lt;Custom text 2&gt; &lt;Artist2&gt; &lt;Custom text 2&gt; &lt;Artist3&gt;)') and adds them to the list of artists.</string>
    <string>ru</string>
    <string>Пресет извлекает участвующих исполнителей из названия дорожки (если название хранится в форме 'Название (&lt;Свой текст 1&gt; &lt;исполнитель1&gt; &lt;Свой текст 2&gt; &lt;исполнитель2&gt; &lt;Свой текст 2&gt; &lt;исполнитель3&gt;)') и добавляет их в список исполнителей. </string>
  </descriptions>
  <ignoreCase>true</ignoreCase>
  <applyToPlayingTrack>false</applyToPlayingTrack>
  <condition>false</condition>
  <columnWeights>
    <float>75</float>
    <float>25</float>
    <float>25</float>
    <float>25</float>
    <float>25</float>
    <float>25</float>
    <float>25</float>
    <float>25</float>
    <float>25</float>
    <float>25</float>
    <float>25</float>
  </columnWeights>
  <isMSRPreset>false</isMSRPreset>
  <parameterTagType>0</parameterTagType>
  <parameterTag2Type>0</parameterTag2Type>
  <parameterTag3Type>0</parameterTag3Type>
  <parameterTag4Type>0</parameterTag4Type>
  <parameterTag5Type>0</parameterTag5Type>
  <parameterTag6Type>0</parameterTag6Type>
  <parameterTagId>0</parameterTagId>
  <parameterTag2Id>0</parameterTag2Id>
  <parameterTag3Id>0</parameterTag3Id>
  <parameterTag4Id>0</parameterTag4Id>
  <parameterTag5Id>0</parameterTag5Id>
  <parameterTag6Id>0</parameterTag6Id>
  <customTextChecked>true</customTextChecked>
  <customText>feat.</customText>
  <customText2Checked>true</customText2Checked>
  <customText2>&amp;</customText2>
  <customText3Checked>false</customText3Checked>
  <customText3 />
  <customText4Checked>false</customText4Checked>
  <customText4 />
  <preserveValues />
  <searchedTagId>65</searchedTagId>
  <searchedPattern>(.*)\(\@1\s*(.*)</searchedPattern>
  <searchedTag2Id>-201</searchedTag2Id>
  <searchedPattern2>(.*?)\s*(\@2|\))\s*</searchedPattern2>
  <searchedTag3Id>-201</searchedTag3Id>
  <searchedPattern3 />
  <searchedTag4Id>-201</searchedTag4Id>
  <searchedPattern4 />
  <searchedTag5Id>-201</searchedTag5Id>
  <searchedPattern5 />
  <replacedTagId>-201</replacedTagId>
  <replacedPattern>$2</replacedPattern>
  <replacedTag2Id>-2</replacedTag2Id>
  <replacedPattern2>\@null[[]]$1</replacedPattern2>
  <replacedTag3Id>-201</replacedTag3Id>
  <replacedPattern3 />
  <replacedTag4Id>-201</replacedTag4Id>
  <replacedPattern4 />
  <replacedTag5Id>-201</replacedTag5Id>
  <replacedPattern5 />
  <append>false</append>
  <append2>true</append2>
  <append3>false</append3>
  <append4>false</append4>
  <append5>false</append5>
</Preset>