﻿<?xml version="1.0" encoding="utf-8"?>
<Preset xmlns:xsi="http://www.w3.org/2001/XMLSchema-instance" xmlns:xsd="http://www.w3.org/2001/XMLSchema">
  <modifiedUtc>2013-04-15T08:06:28.0985428Z</modifiedUtc>
  <userPreset>false</userPreset>
  <customizedByUser>false</customizedByUser>
  <guid>562d687e-1c59-4173-9a8c-6b1b25692257</guid>
  <id />
  <hotkeyAssigned>false</hotkeyAssigned>
  <names>
    <string>de</string>
    <string>Beseitige Fehler in häufig genutzten Wörtern (I'm, I'll, don't, won't, ain't, isn't, can't) in '&lt;Tag 1&gt;'</string>
    <string>en</string>
    <string>Fix common words (I'm, I'll, don't, won't, ain't, isn't, can't) in '&lt;Tag 1&gt;'</string>
    <string>fr</string>
    <string>Réparer les mots usuels (I'm, I'll, don't, won't, ain't, isn't, can't) du '&lt;Tag 1&gt;'</string>
    <string>pl</string>
    <string>Popraw częste literówki (I'm, I'll, don't, won't, ain't, isn't, can't) w '&lt;Tagu 1&gt;'</string>
    <string>ru</string>
    <string>Исправить общеупотребительные слова (I'm, I'll, don't, won't, ain't, isn't, can't) в теге '&lt;Тег 1&gt;'</string>
  </names>
  <descriptions>
    <string>de</string>
    <string>Der Befehl beseitigt Fehler in den häufig genutzten Wörtern (I'm, I'll, don't, won't, ain't, isn't, can't) in '&lt;Tag 1&gt;' (z.B.: 'Im doing' wird ersetzt durch 'I'm doing'). </string>
    <string>en</string>
    <string>Preset fixes common words (I'm, I'll, don't, won't, ain't, isn't, can't) in '&lt;Tag 1&gt;' (e.g. 'Im doing' will be replaced with 'I'm doing'). </string>
    <string>fr</string>
    <string>La presete répare les mots usuels (I'm, I'll, don't, won't, ain't, isn't, can't) du '&lt;Tag 1&gt;' (ex: 'Im doing' sera remplacé par 'I'm doing'). </string>
    <string>pl</string>
    <string>Polecenie poprawia częste literówki (I'm, I'll, don't, won't, ain't, isn't, can't) w '&lt;Tagu 1&gt;' (np. 'Im doing' poprawi na 'I'm doing'). </string>
    <string>ru</string>
    <string>Пресет исправляет общеупотребительные слова (I'm, I'll, don't, won't, ain't, isn't, can't) в теге '&lt;Тег 1&gt;' (например, 'Im doing' будет заменено на 'I'm doing'). </string>
  </descriptions>
  <ignoreCase>true</ignoreCase>
  <applyToPlayingTrack>false</applyToPlayingTrack>
  <condition>false</condition>
  <columnWeights>
    <float>158.0979</float>
    <float>19.1949558</float>
    <float>15.8553286</float>
    <float>25</float>
    <float>25</float>
    <float>25</float>
    <float>25</float>
    <float>25</float>
    <float>25</float>
    <float>25</float>
    <float>25</float>
  </columnWeights>
  <isMSRPreset>false</isMSRPreset>
  <parameterTagType>1</parameterTagType>
  <parameterTag2Type>0</parameterTag2Type>
  <parameterTag3Type>0</parameterTag3Type>
  <parameterTag4Type>0</parameterTag4Type>
  <parameterTag5Type>0</parameterTag5Type>
  <parameterTag6Type>0</parameterTag6Type>
  <parameterTagId>65</parameterTagId>
  <parameterTag2Id>0</parameterTag2Id>
  <parameterTag3Id>0</parameterTag3Id>
  <parameterTag4Id>0</parameterTag4Id>
  <parameterTag5Id>0</parameterTag5Id>
  <parameterTag6Id>0</parameterTag6Id>
  <customTextChecked>false</customTextChecked>
  <customText />
  <customText2Checked>false</customText2Checked>
  <customText2 />
  <customText3Checked>false</customText3Checked>
  <customText3 />
  <customText4Checked>false</customText4Checked>
  <customText4 />
  <preserveValues />
  <searchedTagId>-101</searchedTagId>
  <searchedPattern>(^|\s+)(i|don|won|ain|isn|can)(m|ll|t)\s+</searchedPattern>
  <searchedTag2Id>65</searchedTag2Id>
  <searchedPattern2 />
  <searchedTag3Id>65</searchedTag3Id>
  <searchedPattern3 />
  <searchedTag4Id>41</searchedTag4Id>
  <searchedPattern4 />
  <searchedTag5Id>41</searchedTag5Id>
  <searchedPattern5 />
  <replacedTagId>-101</replacedTagId>
  <replacedPattern>$1$2'$3 </replacedPattern>
  <replacedTag2Id>76</replacedTag2Id>
  <replacedPattern2 />
  <replacedTag3Id>76</replacedTag3Id>
  <replacedPattern3 />
  <replacedTag4Id>41</replacedTag4Id>
  <replacedPattern4 />
  <replacedTag5Id>41</replacedTag5Id>
  <replacedPattern5 />
  <append>false</append>
  <append2>false</append2>
  <append3>false</append3>
  <append4>false</append4>
  <append5>false</append5>
</Preset>