﻿<?xml version="1.0" encoding="utf-8"?>
<Preset xmlns:xsi="http://www.w3.org/2001/XMLSchema-instance" xmlns:xsd="http://www.w3.org/2001/XMLSchema">
  <modifiedUtc>2013-04-17T09:42:23.6811274Z</modifiedUtc>
  <userPreset>false</userPreset>
  <customizedByUser>false</customizedByUser>
  <guid>c84d3e63-9989-41b2-8cb3-1d84a5956536</guid>
  <id />
  <hotkeyAssigned>false</hotkeyAssigned>
  <names>
    <string>de</string>
    <string>Ändere Songs die als Titel-Format 'Künstler - Song-Titel' haben</string>
    <string>en</string>
    <string>Fix tracks which have title format 'Artist - Track title'</string>
    <string>fr</string>
    <string>Réparer les pistes qui ont un format de titre 'Artiste - Titre de la piste'</string>
    <string>pl</string>
    <string>Popraw utwory zatytułowane 'Artysta - Tytuł utworu'</string>
    <string>ru</string>
    <string>Исправить дорожки с тегом 'Название' в формате 'Исполнитель - Название'</string>
  </names>
  <descriptions>
    <string>de</string>
    <string>Der Befehl setzt den 'Album Künstler' Tag auf 'Various Artists', trennt den Song-Titel im 'Künstler - Song-Titel' Format in Künstler und Titel und speichert sie in ihren entsprechenden Tags 'Künstler' und 'Titel'. </string>
    <string>en</string>
    <string>Preset sets 'Album artist' tag to 'Various Artists' and splits track title which has 'Artist - Track title' format to artist and title saving them to corresponding tags 'Artist' and 'Title'. </string>
    <string>fr</string>
    <string>La presete fixe le tag 'Artiste de l'album' en 'Various Artists' et sépare la piste qui a un format 'Artiste - Titre de la piste' en artiste et titre et les enregistre dans les tags 'Artiste' et 'Tittre' correspondants. </string>
    <string>pl</string>
    <string>Polecenie zapisuje tag 'Wykonawca albumu' (ang. 'Album artist') jako 'Various Artists' (różni wykonawcy) i dzieli tytuł utworu w formacie 'Artysta - Tytuł utworu' na artystę i tytuł, zapisując je w odpowiednich tagach 'Artysta' i 'Tytuł'.</string>
    <string>ru</string>
    <string>
Пресет устанавливает значение тега '
Исполнитель альбома' в 'Various Artists' и разбивает название композиции, имеющее формат 'Исполнитель - Название', на 
имя исполнителя и название дорожки, записывая их 
соответственно в теги 'Исполнитель' и 'Название'. </string>
  </descriptions>
  <ignoreCase>true</ignoreCase>
  <applyToPlayingTrack>false</applyToPlayingTrack>
  <condition>false</condition>
  <columnWeights>
    <float>135.91629</float>
    <float>19.1949558</float>
    <float>15.8553286</float>
    <float>25</float>
    <float>25</float>
    <float>25</float>
    <float>25</float>
    <float>25</float>
    <float>25</float>
    <float>25</float>
    <float>25</float>
  </columnWeights>
  <isMSRPreset>false</isMSRPreset>
  <parameterTagType>0</parameterTagType>
  <parameterTag2Type>0</parameterTag2Type>
  <parameterTag3Type>0</parameterTag3Type>
  <parameterTag4Type>0</parameterTag4Type>
  <parameterTag5Type>0</parameterTag5Type>
  <parameterTag6Type>0</parameterTag6Type>
  <parameterTagId>0</parameterTagId>
  <parameterTag2Id>0</parameterTag2Id>
  <parameterTag3Id>0</parameterTag3Id>
  <parameterTag4Id>0</parameterTag4Id>
  <parameterTag5Id>0</parameterTag5Id>
  <parameterTag6Id>0</parameterTag6Id>
  <customTextChecked>false</customTextChecked>
  <customText />
  <customText2Checked>false</customText2Checked>
  <customText2 />
  <customText3Checked>false</customText3Checked>
  <customText3 />
  <customText4Checked>false</customText4Checked>
  <customText4 />
  <preserveValues />
  <searchedTagId>65</searchedTagId>
  <searchedPattern>(.*?)\s+-\s+(.*)</searchedPattern>
  <searchedTag2Id>65</searchedTag2Id>
  <searchedPattern2>(.*?)\s+-\s+(.*)</searchedPattern2>
  <searchedTag3Id>34</searchedTag3Id>
  <searchedPattern3>^.*$</searchedPattern3>
  <searchedTag4Id>41</searchedTag4Id>
  <searchedPattern4 />
  <searchedTag5Id>41</searchedTag5Id>
  <searchedPattern5 />
  <replacedTagId>-2</replacedTagId>
  <replacedPattern>$1</replacedPattern>
  <replacedTag2Id>65</replacedTag2Id>
  <replacedPattern2>$2</replacedPattern2>
  <replacedTag3Id>34</replacedTag3Id>
  <replacedPattern3>Various Artists</replacedPattern3>
  <replacedTag4Id>41</replacedTag4Id>
  <replacedPattern4 />
  <replacedTag5Id>41</replacedTag5Id>
  <replacedPattern5 />
  <append>false</append>
  <append2>false</append2>
  <append3>false</append3>
  <append4>false</append4>
  <append5>false</append5>
</Preset>