﻿<?xml version="1.0" encoding="utf-8"?>
<Preset xmlns:xsi="http://www.w3.org/2001/XMLSchema-instance" xmlns:xsd="http://www.w3.org/2001/XMLSchema">
  <modifiedUtc>2022-11-09T06:30:05.428833Z</modifiedUtc>
  <userPreset>false</userPreset>
  <customizedByUser>false</customizedByUser>
  <guid>9f3726a1-aac2-4668-b14a-8ea4e16e6c93</guid>
  <id />
  <hotkeyAssigned>false</hotkeyAssigned>
  <names>
    <string>de</string>
    <string>Generate 'Displayed composer' separated by &lt;Custom text&gt; from multi-composer field</string>
    <string>en</string>
    <string>Generate 'Displayed composer' separated by &lt;Custom text&gt; from multi-composer field</string>
    <string>fr</string>
    <string>Generate 'Displayed composer' separated by &lt;Custom text&gt; from multi-composer field</string>
    <string>pl</string>
    <string>Generate 'Displayed composer' separated by &lt;Custom text&gt; from multi-composer field</string>
    <string>ru</string>
    <string>Сгенерировать отображаемого композитора из списка композиторов, разделяя их текстом '&lt;Свой текст&gt;', и записать в тег '&lt;Тег 1&gt;'</string>
  </names>
  <descriptions>
    <string>de</string>
    <string>Generate 'Displayed composer' separated by &lt;Custom text&gt; from multi-composer field. It may make sense to tick this preset to automatically apply it. </string>
    <string>en</string>
    <string>Generate 'Displayed composer' separated by &lt;Custom text&gt; from multi-composer field. It may make sense to tick this preset to automatically apply it. </string>
    <string>fr</string>
    <string>Generate 'Displayed composer' separated by &lt;Custom text&gt; from multi-composer field. It may make sense to tick this preset to automatically apply it. </string>
    <string>pl</string>
    <string>Generate 'Displayed composer' separated by &lt;Custom text&gt; from multi-composer field. It may make sense to tick this preset to automatically apply it. </string>
    <string>ru</string>
    <string>Пресет генерирует отображаемого композитора из списка композиторов, разделяя их текстом '&lt;Свой текст&gt;', и записывает его  в тег '&lt;Тег 1&gt;'. Может быть полезным отметить этот пресет, чтобы он автоматически применялся. </string>
  </descriptions>
  <ignoreCase>true</ignoreCase>
  <applyToPlayingTrack>false</applyToPlayingTrack>
  <condition>false</condition>
  <columnWeights>
    <float>186.348618</float>
    <float>25</float>
    <float>25</float>
    <float>25</float>
    <float>25</float>
    <float>25</float>
    <float>25</float>
    <float>25</float>
    <float>25</float>
    <float>25</float>
    <float>25</float>
  </columnWeights>
  <isMSRPreset>false</isMSRPreset>
  <parameterTagType>1</parameterTagType>
  <parameterTag2Type>0</parameterTag2Type>
  <parameterTag3Type>0</parameterTag3Type>
  <parameterTag4Type>0</parameterTag4Type>
  <parameterTag5Type>0</parameterTag5Type>
  <parameterTag6Type>0</parameterTag6Type>
  <parameterTagId>-3</parameterTagId>
  <parameterTag2Id>0</parameterTag2Id>
  <parameterTag3Id>0</parameterTag3Id>
  <parameterTag4Id>0</parameterTag4Id>
  <parameterTag5Id>0</parameterTag5Id>
  <parameterTag6Id>0</parameterTag6Id>
  <customTextChecked>true</customTextChecked>
  <customText> feat. </customText>
  <customText2Checked>false</customText2Checked>
  <customText2 />
  <customText3Checked>false</customText3Checked>
  <customText3 />
  <customText4Checked>false</customText4Checked>
  <customText4 />
  <preserveValues />
  <searchedTagId>-4</searchedTagId>
  <searchedPattern>([^\x00;])$</searchedPattern>
  <searchedTag2Id>-201</searchedTag2Id>
  <searchedPattern2>;\s*</searchedPattern2>
  <searchedTag3Id>-201</searchedTag3Id>
  <searchedPattern3>[\x01\x02\x04]?(.*?)\x00</searchedPattern3>
  <searchedTag4Id>-101</searchedTag4Id>
  <searchedPattern4>^(.*)\@1$</searchedPattern4>
  <searchedTag5Id>-201</searchedTag5Id>
  <searchedPattern5>^(.*)</searchedPattern5>
  <replacedTagId>-201</replacedTagId>
  <replacedPattern>$1;</replacedPattern>
  <replacedTag2Id>-201</replacedTag2Id>
  <replacedPattern2>\@null[[]]</replacedPattern2>
  <replacedTag3Id>-101</replacedTag3Id>
  <replacedPattern3>$1\@1</replacedPattern3>
  <replacedTag4Id>-101</replacedTag4Id>
  <replacedPattern4>$1</replacedPattern4>
  <replacedTag5Id>-4</replacedTag5Id>
  <replacedPattern5>$1</replacedPattern5>
  <append>false</append>
  <append2>false</append2>
  <append3>false</append3>
  <append4>false</append4>
  <append5>false</append5>
</Preset>