﻿<?xml version="1.0" encoding="utf-8"?>
<Preset xmlns:xsi="http://www.w3.org/2001/XMLSchema-instance" xmlns:xsd="http://www.w3.org/2001/XMLSchema">
  <modifiedUtc>2013-04-15T08:35:27.3510224Z</modifiedUtc>
  <userPreset>false</userPreset>
  <customizedByUser>false</customizedByUser>
  <guid>fcd37506-8bc8-4201-a1ff-9025b35c9fcc</guid>
  <id />
  <hotkeyAssigned>false</hotkeyAssigned>
  <names>
    <string>de</string>
    <string>Bewege Alles vor &lt;Eigener Text 1&gt; von &lt;Tag 1&gt; nach &lt;Tag 2&gt;</string>
    <string>en</string>
    <string>Move everything before &lt;Custom text 1&gt; from &lt;Tag 1&gt; to &lt;Tag 2&gt;</string>
    <string>pl</string>
    <string>Przenieś wszystko przed &lt;Własny tekst 1&gt; z &lt;Taga 1&gt; do &lt;Taga 2&gt;</string>
    <string>ru</string>
    <string>Переместить все до текста &lt;Свой текст 1&gt; из тега &lt;Тег 1&gt; в &lt;Тег2&gt;</string>
  </names>
  <descriptions>
    <string>de</string>
    <string>Bewege Alles vor &lt;Eigener Text 1&gt; in &lt;Tag 1&gt; an das Ende von &lt;Tag 2&gt;, platziere &lt;Eigener Text 2&gt; zwischen bewegtem Text und &lt;Tag 2&gt; und lösche &lt;Eigener Text 1&gt; aus &lt;Tag 1&gt;.</string>
    <string>en</string>
    <string>Move everything before &lt;Custom text 1&gt; from &lt;Tag 1&gt; to the end of &lt;Tag 2&gt; placing between moved text and &lt;Tag 2&gt; &lt;Custom text 2&gt; and remove &lt;Custom text 1&gt; from &lt;Tag 1&gt;.</string>
    <string>pl</string>
    <string>Przenieś wszystko przed &lt;Własny tekst 1&gt; z &lt;Taga 1&gt; na koniec &lt;Taga 2&gt;, umieszczając &lt;Własny tekst 2&gt; pomiędzy przeniesionym tekstem a &lt;Tagiem 2&gt;, i usuwając &lt;Własny tekst 1&gt; z &lt;Taga 1&gt;.</string>
    <string>ru</string>
    <string>Переместить все до текста &lt;Свой текст 1&gt; из тега &lt;Тег 1&gt; в конец тега &lt;Тег2&gt;, предварительно вставив &lt;Свой текст 2&gt; в конец тега &lt;Тег 2&gt;, и удалить &lt;Свой текст 1&gt; в теге &lt;Тег 1&gt;.</string>
  </descriptions>
  <ignoreCase>true</ignoreCase>
  <applyToPlayingTrack>false</applyToPlayingTrack>
  <condition>false</condition>
  <columnWeights>
    <float>147.606659</float>
    <float>19.1949558</float>
    <float>15.8553286</float>
    <float>25</float>
    <float>25</float>
    <float>25</float>
    <float>25</float>
    <float>25</float>
    <float>25</float>
    <float>25</float>
    <float>25</float>
  </columnWeights>
  <isMSRPreset>false</isMSRPreset>
  <parameterTagType>1</parameterTagType>
  <parameterTag2Type>1</parameterTag2Type>
  <parameterTag3Type>0</parameterTag3Type>
  <parameterTag4Type>0</parameterTag4Type>
  <parameterTag5Type>0</parameterTag5Type>
  <parameterTag6Type>0</parameterTag6Type>
  <parameterTagId>-2</parameterTagId>
  <parameterTag2Id>65</parameterTag2Id>
  <parameterTag3Id>0</parameterTag3Id>
  <parameterTag4Id>0</parameterTag4Id>
  <parameterTag5Id>0</parameterTag5Id>
  <parameterTag6Id>0</parameterTag6Id>
  <customTextChecked>true</customTextChecked>
  <customText>-</customText>
  <customText2Checked>true</customText2Checked>
  <customText2>, </customText2>
  <customText3Checked>false</customText3Checked>
  <customText3 />
  <customText4Checked>false</customText4Checked>
  <customText4 />
  <preserveValues />
  <searchedTagId>-101</searchedTagId>
  <searchedPattern>^(.*?)\s*\@1\s*(.*)</searchedPattern>
  <searchedTag2Id>-101</searchedTag2Id>
  <searchedPattern2>^(.*?)\s*\@1\s*(.*)</searchedPattern2>
  <searchedTag3Id>41</searchedTag3Id>
  <searchedPattern3 />
  <searchedTag4Id>41</searchedTag4Id>
  <searchedPattern4 />
  <searchedTag5Id>41</searchedTag5Id>
  <searchedPattern5 />
  <replacedTagId>-102</replacedTagId>
  <replacedPattern>\@2$2</replacedPattern>
  <replacedTag2Id>-101</replacedTag2Id>
  <replacedPattern2>$1</replacedPattern2>
  <replacedTag3Id>41</replacedTag3Id>
  <replacedPattern3 />
  <replacedTag4Id>41</replacedTag4Id>
  <replacedPattern4 />
  <replacedTag5Id>41</replacedTag5Id>
  <replacedPattern5 />
  <append>true</append>
  <append2>false</append2>
  <append3>false</append3>
  <append4>false</append4>
  <append5>false</append5>
</Preset>