﻿<?xml version="1.0" encoding="utf-8"?>
<Preset xmlns:xsi="http://www.w3.org/2001/XMLSchema-instance" xmlns:xsd="http://www.w3.org/2001/XMLSchema">
  <modifiedUtc>2019-04-11T17:05:47.3392585Z</modifiedUtc>
  <userPreset>false</userPreset>
  <customizedByUser>false</customizedByUser>
  <guid>ff8d53d9-526b-4b40-bbf0-848b6b892f70</guid>
  <id>multisr</id>
  <hotkeyAssigned>false</hotkeyAssigned>
  <names>
    <string>en</string>
    <string>Multiple search &amp; replace</string>
    <string>ru</string>
    <string>Множественный поиск и замена</string>
  </names>
  <descriptions>
    <string>en</string>
    <string>String &lt;Custom text 1&gt; must contain substring pairs separated by symbol | First part of every pair (before symbol /) will be replaced by second part of the pair. Use symbol # at the beginning of search part of any pair for case-sensitive search. Use symbol * at the beginning of search part of any pair for regular expression search or #* for case-sensitive regular expression search. Use \#, \\, \V, \L, \X sequences for symbols #, \, |, /, *. </string>
    <string>ru</string>
    <string>Строка &lt;Свой текст 1&gt; должна содержать пары подстрок, разделенные символом | Для каждой пары часть текста до символа / будет заменена на вторую часть текста. Используйте символ # в начале поисковой части для регистрочувствительного поиска. Используйте * в начале поисковой части для использования регулярного выражения или #* для регистрочувствительного регулярного выражения. Вместо символов #, /, \, |, * используйте последовательности \#, \L, \\, \V, \X. </string>
  </descriptions>
  <ignoreCase>true</ignoreCase>
  <applyToPlayingTrack>false</applyToPlayingTrack>
  <condition>false</condition>
  <columnWeights>
    <float>147.606659</float>
    <float>20.028038</float>
    <float>18.9417725</float>
    <float>7.07901</float>
    <float>18.7415447</float>
    <float>1.07257724</float>
    <float>20.7485561</float>
    <float>25</float>
    <float>16.071743</float>
    <float>25</float>
    <float>24.7100754</float>
  </columnWeights>
  <isMSRPreset>false</isMSRPreset>
  <parameterTagType>2</parameterTagType>
  <parameterTag2Type>1</parameterTag2Type>
  <parameterTag3Type>0</parameterTag3Type>
  <parameterTag4Type>0</parameterTag4Type>
  <parameterTag5Type>0</parameterTag5Type>
  <parameterTag6Type>0</parameterTag6Type>
  <parameterTagId>59</parameterTagId>
  <parameterTag2Id>59</parameterTag2Id>
  <parameterTag3Id>0</parameterTag3Id>
  <parameterTag4Id>0</parameterTag4Id>
  <parameterTag5Id>0</parameterTag5Id>
  <parameterTag6Id>0</parameterTag6Id>
  <customTextChecked>true</customTextChecked>
  <customText>cat/dog|dog/cat</customText>
  <customText2Checked>false</customText2Checked>
  <customText2 />
  <customText3Checked>false</customText3Checked>
  <customText3 />
  <customText4Checked>false</customText4Checked>
  <customText4 />
  <preserveValues />
  <searchedTagId>-101</searchedTagId>
  <searchedPattern>^(.*)</searchedPattern>
  <searchedTag2Id>-201</searchedTag2Id>
  <searchedPattern2 />
  <searchedTag3Id>-201</searchedTag3Id>
  <searchedPattern3 />
  <searchedTag4Id>-102</searchedTag4Id>
  <searchedPattern4 />
  <searchedTag5Id>-102</searchedTag5Id>
  <searchedPattern5 />
  <replacedTagId>-102</replacedTagId>
  <replacedPattern>\@replace[[$1;;\@1]]</replacedPattern>
  <replacedTag2Id>-201</replacedTag2Id>
  <replacedPattern2 />
  <replacedTag3Id>-102</replacedTag3Id>
  <replacedPattern3 />
  <replacedTag4Id>-102</replacedTag4Id>
  <replacedPattern4 />
  <replacedTag5Id>-102</replacedTag5Id>
  <replacedPattern5 />
  <append>false</append>
  <append2>false</append2>
  <append3>false</append3>
  <append4>false</append4>
  <append5>false</append5>
</Preset>