﻿<?xml version="1.0" encoding="utf-8"?>
<Preset xmlns:xsi="http://www.w3.org/2001/XMLSchema-instance" xmlns:xsd="http://www.w3.org/2001/XMLSchema">
  <modifiedUtc>2013-04-17T12:32:12.5518975Z</modifiedUtc>
  <userPreset>false</userPreset>
  <customizedByUser>false</customizedByUser>
  <guid>0483f275-c7c0-42f2-a50e-9859d080d5c0</guid>
  <id />
  <hotkeyAssigned>false</hotkeyAssigned>
  <names>
    <string>de</string>
    <string>Lösche iTunes info aus dem 'Kommentar'</string>
    <string>en</string>
    <string>Remove iTunes info from 'Comment'</string>
    <string>fr</string>
    <string>Supprimer les informations  iTunes de 'Commentaire'</string>
    <string>pl</string>
    <string>Usuń informacje iTunes z taga 'Komentarz'</string>
    <string>ru</string>
    <string>Удалить служебную информацию iTunes из тега 'Комментарий'</string>
  </names>
  <descriptions>
    <string>de</string>
    <string>'12345678 12345678 12345678 ... 12345678' wird aus dem 'Kommentar' Tag gelöscht. </string>
    <string>en</string>
    <string>'12345678 12345678 12345678 ... 12345678' will be removed from 'Comment' tag. </string>
    <string>fr</string>
    <string>'12345678 12345678 12345678 ... 12345678' sera supprimé du tag 'Commentaire'. </string>
    <string>pl</string>
    <string>'12345678 12345678 12345678 ... 12345678' zostanie usunięty z taga 'Komentarz'.</string>
    <string>ru</string>
    <string>'12345678 12345678 12345678 ... 12345678' будет удалено из тега 'Комментарий'. </string>
  </descriptions>
  <ignoreCase>true</ignoreCase>
  <applyToPlayingTrack>false</applyToPlayingTrack>
  <condition>false</condition>
  <columnWeights>
    <float>151.752792</float>
    <float>20.59061</float>
    <float>19.47383</float>
    <float>20.0366287</float>
    <float>19.47389</float>
    <float>8.615751</float>
    <float>22.1874542</float>
    <float>1.26423728</float>
    <float>24.2792625</float>
    <float>10.4400835</float>
    <float>26.88551</float>
  </columnWeights>
  <isMSRPreset>false</isMSRPreset>
  <parameterTagType>0</parameterTagType>
  <parameterTag2Type>0</parameterTag2Type>
  <parameterTag3Type>0</parameterTag3Type>
  <parameterTag4Type>0</parameterTag4Type>
  <parameterTag5Type>0</parameterTag5Type>
  <parameterTag6Type>0</parameterTag6Type>
  <parameterTagId>0</parameterTagId>
  <parameterTag2Id>0</parameterTag2Id>
  <parameterTag3Id>0</parameterTag3Id>
  <parameterTag4Id>0</parameterTag4Id>
  <parameterTag5Id>0</parameterTag5Id>
  <parameterTag6Id>0</parameterTag6Id>
  <customTextChecked>false</customTextChecked>
  <customText />
  <customText2Checked>false</customText2Checked>
  <customText2 />
  <customText3Checked>false</customText3Checked>
  <customText3 />
  <customText4Checked>false</customText4Checked>
  <customText4 />
  <preserveValues />
  <searchedTagId>44</searchedTagId>
  <searchedPattern>\s*([0-9A-F]{8} ){9}[0-9A-F]{8}\s*</searchedPattern>
  <searchedTag2Id>44</searchedTag2Id>
  <searchedPattern2 />
  <searchedTag3Id>44</searchedTag3Id>
  <searchedPattern3 />
  <searchedTag4Id>-201</searchedTag4Id>
  <searchedPattern4 />
  <searchedTag5Id>-201</searchedTag5Id>
  <searchedPattern5 />
  <replacedTagId>44</replacedTagId>
  <replacedPattern />
  <replacedTag2Id>44</replacedTag2Id>
  <replacedPattern2 />
  <replacedTag3Id>44</replacedTag3Id>
  <replacedPattern3 />
  <replacedTag4Id>-201</replacedTag4Id>
  <replacedPattern4 />
  <replacedTag5Id>-201</replacedTag5Id>
  <replacedPattern5 />
  <append>false</append>
  <append2>false</append2>
  <append3>false</append3>
  <append4>false</append4>
  <append5>false</append5>
</Preset>