﻿<?xml version="1.0" encoding="utf-8"?>
<Preset xmlns:xsi="http://www.w3.org/2001/XMLSchema-instance" xmlns:xsd="http://www.w3.org/2001/XMLSchema">
  <modifiedUtc>2013-04-17T12:58:05.342712Z</modifiedUtc>
  <userPreset>false</userPreset>
  <customizedByUser>false</customizedByUser>
  <guid>a24a1fc0-2c22-458d-a981-fe227805048d</guid>
  <id />
  <hotkeyAssigned>false</hotkeyAssigned>
  <names>
    <string>de</string>
    <string>Lösche eckige Klammer ohne Gegenstück in '&lt;Tag 1&gt;'</string>
    <string>en</string>
    <string>Remove square bracket that doesn't have pair from '&lt;Tag 1&gt;'</string>
    <string>fr</string>
    <string>Supprimer les crochets uniques de '&lt;Tag 1&gt;'</string>
    <string>pl</string>
    <string>Usuń nawias kwadratowy bez pary z '&lt;Taga 1&gt;'</string>
    <string>ru</string>
    <string>Удалить квадратные скобки без пары из тега '&lt;Тег 1&gt;'</string>
  </names>
  <descriptions>
    <string>de</string>
    <string>Der Befehl löscht eckige Klammer ohne Gegenstück in '&lt;Tag 1&gt;' (z.B.: aus 'Abc [Xyz' wird 'Abc Xyz'). </string>
    <string>en</string>
    <string>Preset removes a square bracket that doesn't have pair from '&lt;Tag 1&gt;' (e.g. 'Abc [Xyz' becomes 'Abc Xyz'). </string>
    <string>fr</string>
    <string>La presete supprime les crochets uniques de '&lt;Tag 1&gt;' (ex: 'Abc [Xyz' devient 'Abc Xyz'). </string>
    <string>pl</string>
    <string>Polecenie usuwa nawias kwadratowy bez pary z '&lt;Taga 1&gt;' - np. z Abc [Xyz' pozostanie 'Abc Xyz'.</string>
    <string>ru</string>
    <string>Пресет удаляет квадратные скобки без пары из тега '&lt;Тег 1&gt;' (например, 'Abc [Xyz' будет заменено на 'Abc Xyz'). </string>
  </descriptions>
  <ignoreCase>true</ignoreCase>
  <applyToPlayingTrack>false</applyToPlayingTrack>
  <condition>false</condition>
  <columnWeights>
    <float>151.30751</float>
    <float>20.5301914</float>
    <float>19.4166889</float>
    <float>20.0366287</float>
    <float>20.03663</float>
    <float>8.615751</float>
    <float>22.1874542</float>
    <float>1.26423728</float>
    <float>24.2792625</float>
    <float>10.4400835</float>
    <float>26.88551</float>
  </columnWeights>
  <isMSRPreset>false</isMSRPreset>
  <parameterTagType>1</parameterTagType>
  <parameterTag2Type>0</parameterTag2Type>
  <parameterTag3Type>0</parameterTag3Type>
  <parameterTag4Type>0</parameterTag4Type>
  <parameterTag5Type>0</parameterTag5Type>
  <parameterTag6Type>0</parameterTag6Type>
  <parameterTagId>65</parameterTagId>
  <parameterTag2Id>0</parameterTag2Id>
  <parameterTag3Id>0</parameterTag3Id>
  <parameterTag4Id>0</parameterTag4Id>
  <parameterTag5Id>0</parameterTag5Id>
  <parameterTag6Id>0</parameterTag6Id>
  <customTextChecked>false</customTextChecked>
  <customText />
  <customText2Checked>false</customText2Checked>
  <customText2 />
  <customText3Checked>false</customText3Checked>
  <customText3 />
  <customText4Checked>false</customText4Checked>
  <customText4 />
  <preserveValues />
  <searchedTagId>-101</searchedTagId>
  <searchedPattern>\[([^\]]*$|[^\]]*(?=\[))</searchedPattern>
  <searchedTag2Id>-101</searchedTag2Id>
  <searchedPattern2>(^[^\[]*|(?&lt;=\])[^\[]*)\]</searchedPattern2>
  <searchedTag3Id>65</searchedTag3Id>
  <searchedPattern3 />
  <searchedTag4Id>41</searchedTag4Id>
  <searchedPattern4 />
  <searchedTag5Id>41</searchedTag5Id>
  <searchedPattern5 />
  <replacedTagId>-101</replacedTagId>
  <replacedPattern>$1</replacedPattern>
  <replacedTag2Id>-101</replacedTag2Id>
  <replacedPattern2>$1</replacedPattern2>
  <replacedTag3Id>76</replacedTag3Id>
  <replacedPattern3 />
  <replacedTag4Id>41</replacedTag4Id>
  <replacedPattern4 />
  <replacedTag5Id>41</replacedTag5Id>
  <replacedPattern5 />
  <append>false</append>
  <append2>false</append2>
  <append3>false</append3>
  <append4>false</append4>
  <append5>false</append5>
</Preset>