﻿<?xml version="1.0" encoding="utf-8"?>
<Preset xmlns:xsi="http://www.w3.org/2001/XMLSchema-instance" xmlns:xsd="http://www.w3.org/2001/XMLSchema">
  <modifiedUtc>2018-04-20T12:44:06.8874204Z</modifiedUtc>
  <userPreset>false</userPreset>
  <customizedByUser>false</customizedByUser>
  <guid>e2a75f80-28f3-4173-9d39-1fa2c94e3c57</guid>
  <id />
  <hotkeyAssigned>false</hotkeyAssigned>
  <names>
    <string>de</string>
    <string />
    <string>en</string>
    <string>Remove all artists from 'Displayed Artist' tag except first one</string>
    <string>fr</string>
    <string />
    <string>pl</string>
    <string />
    <string>ru</string>
    <string>Удалить всех исполнителей из тега 'Отображаемый исполнитель', кроме первого</string>
  </names>
  <descriptions>
    <string>de</string>
    <string />
    <string>en</string>
    <string>Preset removes all artists separated by text &amp;, vs., feat. from 'Displayed Artist' tag except first one (e.g. 'Artist1 &amp; Artist2' becomes 'Artist1'). </string>
    <string>fr</string>
    <string />
    <string>pl</string>
    <string />
    <string>ru</string>
    <string>Пресет удаляет всех исполнителей, разделенных текстом &amp;, vs., feat.  из тега 'Отображаемый исполнитель', кроме первого (например, 'Artist1 &amp; Artist2' будет заменено на 'Artist1'). </string>
  </descriptions>
  <ignoreCase>true</ignoreCase>
  <applyToPlayingTrack>false</applyToPlayingTrack>
  <condition>false</condition>
  <columnWeights>
    <float>165.177719</float>
    <float>20.5967388</float>
    <float>15.8553286</float>
    <float>25</float>
    <float>25</float>
    <float>25</float>
    <float>25</float>
    <float>25</float>
    <float>25</float>
    <float>25</float>
    <float>25</float>
  </columnWeights>
  <isMSRPreset>false</isMSRPreset>
  <parameterTagType>0</parameterTagType>
  <parameterTag2Type>0</parameterTag2Type>
  <parameterTag3Type>0</parameterTag3Type>
  <parameterTag4Type>0</parameterTag4Type>
  <parameterTag5Type>0</parameterTag5Type>
  <parameterTag6Type>0</parameterTag6Type>
  <parameterTagId>0</parameterTagId>
  <parameterTag2Id>0</parameterTag2Id>
  <parameterTag3Id>0</parameterTag3Id>
  <parameterTag4Id>0</parameterTag4Id>
  <parameterTag5Id>0</parameterTag5Id>
  <parameterTag6Id>0</parameterTag6Id>
  <customTextChecked>false</customTextChecked>
  <customText />
  <customText2Checked>false</customText2Checked>
  <customText2 />
  <customText3Checked>false</customText3Checked>
  <customText3 />
  <customText4Checked>false</customText4Checked>
  <customText4 />
  <preserveValues />
  <searchedTagId>-2</searchedTagId>
  <searchedPattern>;\s*</searchedPattern>
  <searchedTag2Id>-1</searchedTag2Id>
  <searchedPattern2>(\s*&amp;|\s*feat\s|\s*feat\.\s|\s*vs\s|\s*vs\.\s|;).*$</searchedPattern2>
  <searchedTag3Id>-201</searchedTag3Id>
  <searchedPattern3>^(.*)</searchedPattern3>
  <searchedTag4Id>-201</searchedTag4Id>
  <searchedPattern4 />
  <searchedTag5Id>-201</searchedTag5Id>
  <searchedPattern5 />
  <replacedTagId>-201</replacedTagId>
  <replacedPattern>\@null[[]]</replacedPattern>
  <replacedTag2Id>-1</replacedTag2Id>
  <replacedPattern2 />
  <replacedTag3Id>-2</replacedTag3Id>
  <replacedPattern3>$1</replacedPattern3>
  <replacedTag4Id>-201</replacedTag4Id>
  <replacedPattern4 />
  <replacedTag5Id>-201</replacedTag5Id>
  <replacedPattern5 />
  <append>false</append>
  <append2>false</append2>
  <append3>false</append3>
  <append4>false</append4>
  <append5>false</append5>
</Preset>