﻿<?xml version="1.0" encoding="utf-8"?>
<Preset xmlns:xsi="http://www.w3.org/2001/XMLSchema-instance" xmlns:xsd="http://www.w3.org/2001/XMLSchema">
  <modifiedUtc>2018-04-20T12:43:54.800075Z</modifiedUtc>
  <userPreset>false</userPreset>
  <customizedByUser>false</customizedByUser>
  <guid>051a744f-9fc6-491b-b1a8-1187ace63298</guid>
  <id />
  <hotkeyAssigned>false</hotkeyAssigned>
  <names>
    <string>de</string>
    <string>Lösche alle Einträge aus dem Mehrfach-Eintrag-Tag 'Künstler' außer dem Ersten</string>
    <string>en</string>
    <string>Remove all items from multi-item 'Artist' except first one</string>
    <string>fr</string>
    <string>Supprimer tous les éléments des tags 'Artist' avec plusieurs éléments sauf le premier</string>
    <string>pl</string>
    <string>Usuń wszystkich wykonawców z taga 'Wykonawca', oprócz pierwszego</string>
    <string>ru</string>
    <string>Удалить всех исполнителей из тега 'Исполнитель', кроме первого</string>
  </names>
  <descriptions>
    <string>de</string>
    <string>Der Befehl löscht alle Einträge aus dem Mehrfach-Eintrag-Tag 'Künstler' außer dem Ersten (z.B.: aus 'Künstler1; Künstler2' wird 'Künstler1'). </string>
    <string>en</string>
    <string>Preset removes all items from multi-item 'Artist' tag except first one (e.g. 'Artist1; Artist2' becomes 'Artist1'). </string>
    <string>fr</string>
    <string>La presete supprime tous les éléments des tags 'Artist' avec plusieurs éléments sauf le premier  (ex: 'Artist1; Artist2' devient 'Artist1'). </string>
    <string>pl</string>
    <string>Polecenie usuwa wszystkich wykonawców z taga 'Wykonawca', oprócz pierwszego (np. 'Wykonawca1; Wykonawca2' zmieni się na 'Wykonawca1').</string>
    <string>ru</string>
    <string>Пресет удаляет всех исполнителей из тега 'Исполнитель', кроме первого (например, 'Artist1; Artist2' будет заменено на 'Artist1'). </string>
  </descriptions>
  <ignoreCase>true</ignoreCase>
  <applyToPlayingTrack>false</applyToPlayingTrack>
  <condition>false</condition>
  <columnWeights>
    <float>165.177719</float>
    <float>20.5967388</float>
    <float>15.8553286</float>
    <float>25</float>
    <float>25</float>
    <float>25</float>
    <float>25</float>
    <float>25</float>
    <float>25</float>
    <float>25</float>
    <float>25</float>
  </columnWeights>
  <isMSRPreset>false</isMSRPreset>
  <parameterTagType>0</parameterTagType>
  <parameterTag2Type>0</parameterTag2Type>
  <parameterTag3Type>0</parameterTag3Type>
  <parameterTag4Type>0</parameterTag4Type>
  <parameterTag5Type>0</parameterTag5Type>
  <parameterTag6Type>0</parameterTag6Type>
  <parameterTagId>0</parameterTagId>
  <parameterTag2Id>0</parameterTag2Id>
  <parameterTag3Id>0</parameterTag3Id>
  <parameterTag4Id>0</parameterTag4Id>
  <parameterTag5Id>0</parameterTag5Id>
  <parameterTag6Id>0</parameterTag6Id>
  <customTextChecked>false</customTextChecked>
  <customText />
  <customText2Checked>false</customText2Checked>
  <customText2 />
  <customText3Checked>false</customText3Checked>
  <customText3 />
  <customText4Checked>false</customText4Checked>
  <customText4 />
  <preserveValues />
  <searchedTagId>-2</searchedTagId>
  <searchedPattern>;\s*</searchedPattern>
  <searchedTag2Id>-2</searchedTag2Id>
  <searchedPattern2>^([^\x00]*).*</searchedPattern2>
  <searchedTag3Id>-2</searchedTag3Id>
  <searchedPattern3 />
  <searchedTag4Id>-201</searchedTag4Id>
  <searchedPattern4 />
  <searchedTag5Id>-201</searchedTag5Id>
  <searchedPattern5 />
  <replacedTagId>-2</replacedTagId>
  <replacedPattern>\@null[[]]</replacedPattern>
  <replacedTag2Id>-2</replacedTag2Id>
  <replacedPattern2>$1</replacedPattern2>
  <replacedTag3Id>-2</replacedTag3Id>
  <replacedPattern3 />
  <replacedTag4Id>-201</replacedTag4Id>
  <replacedPattern4 />
  <replacedTag5Id>-201</replacedTag5Id>
  <replacedPattern5 />
  <append>false</append>
  <append2>false</append2>
  <append3>false</append3>
  <append4>false</append4>
  <append5>false</append5>
</Preset>