﻿<?xml version="1.0" encoding="utf-8"?>
<Preset xmlns:xsi="http://www.w3.org/2001/XMLSchema-instance" xmlns:xsd="http://www.w3.org/2001/XMLSchema">
  <modifiedUtc>2013-04-17T10:02:34.0663575Z</modifiedUtc>
  <userPreset>false</userPreset>
  <customizedByUser>false</customizedByUser>
  <guid>9aa8b756-4073-47cb-aefa-942803ea1001</guid>
  <id />
  <hotkeyAssigned>false</hotkeyAssigned>
  <names>
    <string>de</string>
    <string>Lösche 'The', 'Der' oder 'Die' am Anfang von '&lt;Tag 1&gt;'</string>
    <string>en</string>
    <string>Remove 'The', 'Der' or 'Die' from the beginning of '&lt;Tag 1&gt;'</string>
    <string>fr</string>
    <string>Supprimer 'The', 'Der' ou 'Die' du début de '&lt;Tag 1&gt;'</string>
    <string>pl</string>
    <string>Usuń 'The', 'Der' lub 'Die' z początku '&lt;Taga 1&gt;'</string>
    <string>ru</string>
    <string>Удалить 'The', 'Der' или 'Die' в начале тега '&lt;Тег 1&gt;'</string>
  </names>
  <descriptions>
    <string>de</string>
    <string>Der Befehl löscht die Wörter 'The', 'Der' oder 'Die' am Anfang von '&lt;Tag 1&gt;' (z.B.: aus 'The Beatles' wird 'Beatles'). </string>
    <string>en</string>
    <string>Preset removes words 'The', 'Der' or 'Die' from the beginning of '&lt;Tag 1&gt;' (for instance, 'The Beatles' will become 'Beatles'). </string>
    <string>fr</string>
    <string>La presete supprime les mots 'The', 'Der' ou 'Die' du début de '&lt;Tag 1&gt;' (par exemple, 'The Beatles' deviendra 'Beatles'). </string>
    <string>pl</string>
    <string>Polecenie usuwa słowa 'The', 'Der' lub 'Die' z początku '&lt;Taga 1&gt;' (np. z 'The Beatles' pozostanie 'Beatles').</string>
    <string>ru</string>
    <string>Пресет удаляет 'The', 'Der' или 'Die' в начале тега '&lt;Тег 1&gt;' (например, 'The Beatles' будет заменено на 'Beatles'). </string>
  </descriptions>
  <ignoreCase>true</ignoreCase>
  <applyToPlayingTrack>false</applyToPlayingTrack>
  <condition>false</condition>
  <columnWeights>
    <float>177.1196</float>
    <float>24.03251</float>
    <float>24.03251</float>
    <float>7.930729</float>
    <float>1.20162547</float>
    <float>1.20162547</float>
    <float>26.6122742</float>
    <float>1.26423728</float>
    <float>24.2792625</float>
    <float>10.4400835</float>
    <float>26.88551</float>
  </columnWeights>
  <isMSRPreset>false</isMSRPreset>
  <parameterTagType>1</parameterTagType>
  <parameterTag2Type>0</parameterTag2Type>
  <parameterTag3Type>0</parameterTag3Type>
  <parameterTag4Type>0</parameterTag4Type>
  <parameterTag5Type>0</parameterTag5Type>
  <parameterTag6Type>0</parameterTag6Type>
  <parameterTagId>-2</parameterTagId>
  <parameterTag2Id>0</parameterTag2Id>
  <parameterTag3Id>0</parameterTag3Id>
  <parameterTag4Id>0</parameterTag4Id>
  <parameterTag5Id>0</parameterTag5Id>
  <parameterTag6Id>0</parameterTag6Id>
  <customTextChecked>false</customTextChecked>
  <customText />
  <customText2Checked>false</customText2Checked>
  <customText2 />
  <customText3Checked>false</customText3Checked>
  <customText3 />
  <customText4Checked>false</customText4Checked>
  <customText4 />
  <preserveValues />
  <searchedTagId>-101</searchedTagId>
  <searchedPattern>^The\s+|^Der\s+|^Die\s+</searchedPattern>
  <searchedTag2Id>-2</searchedTag2Id>
  <searchedPattern2 />
  <searchedTag3Id>-2</searchedTag3Id>
  <searchedPattern3 />
  <searchedTag4Id>-201</searchedTag4Id>
  <searchedPattern4 />
  <searchedTag5Id>-201</searchedTag5Id>
  <searchedPattern5 />
  <replacedTagId>-101</replacedTagId>
  <replacedPattern />
  <replacedTag2Id>-2</replacedTag2Id>
  <replacedPattern2 />
  <replacedTag3Id>-2</replacedTag3Id>
  <replacedPattern3 />
  <replacedTag4Id>-201</replacedTag4Id>
  <replacedPattern4 />
  <replacedTag5Id>-201</replacedTag5Id>
  <replacedPattern5 />
  <append>false</append>
  <append2>false</append2>
  <append3>false</append3>
  <append4>false</append4>
  <append5>false</append5>
</Preset>