﻿<?xml version="1.0" encoding="utf-8"?>
<Preset xmlns:xsi="http://www.w3.org/2001/XMLSchema-instance" xmlns:xsd="http://www.w3.org/2001/XMLSchema">
  <modifiedUtc>2013-04-17T13:22:18.7368414Z</modifiedUtc>
  <userPreset>false</userPreset>
  <customizedByUser>false</customizedByUser>
  <guid>93d57779-4fde-442f-84a3-c6fd882d3844</guid>
  <id />
  <hotkeyAssigned>false</hotkeyAssigned>
  <names>
    <string>de</string>
    <string>Lösche die Song-Nummer gefolgt von einem Gedankenstrich oder Punkt aus dem 'Song-Titel'</string>
    <string>en</string>
    <string>Remove the track-number followed by a dash or dot from 'Track title'</string>
    <string>fr</string>
    <string>Supprimer le numéro de piste qui est suivi ou non d'un tiret du 'Titre de la piste'</string>
    <string>pl</string>
    <string>Usuń numery utworów z taga 'Tytuł (utworu)', jeśli występuje po nich myślnik lub kropka</string>
    <string>ru</string>
    <string>Удалить номера дорожек из тега 'Название', если после них идет дефис или точка</string>
  </names>
  <descriptions>
    <string>de</string>
    <string>Der Befehl löscht die Song-Nummer (wenn ihr ein Gedankenstrich oder ein Punkt folgt) und ein Leerzeichen am Anfang einer Zeichenkette (z.B.: aus '01 - Come Together' wird 'Come Together')</string>
    <string>en</string>
    <string>Preset will remove the track-number (if it followed by a dash or dot) and white space at the beginning of a string (for instance '01 - Come Together' will become 'Come Together').</string>
    <string>fr</string>
    <string>La presete supprime le numéro de piste (suivi ou non d'un tiret) et les espaces inutiles au début d'un élément par exemple '01 - Come Together' devient 'Come Together')</string>
    <string>pl</string>
    <string>Polecenie usuwa numer utworu z taga 'Tytuł (utworu)', jeśli występuje po nim myślnik lub kropka, a także spacje z początku łańcucha (np. z '01 - Come Together' pozostanie 'Come Together').</string>
    <string>ru</string>
    <string>Пресет удаляет номера дорожек (если после них идет дефис или точка) и пробелы в начале строки (например, '01 - Come Together' будет заменено на 'Come Together')</string>
  </descriptions>
  <ignoreCase>true</ignoreCase>
  <applyToPlayingTrack>false</applyToPlayingTrack>
  <condition>false</condition>
  <columnWeights>
    <float>151.748184</float>
    <float>20.5899849</float>
    <float>19.47324</float>
    <float>20.0366287</float>
    <float>19.4796276</float>
    <float>8.615751</float>
    <float>22.1874542</float>
    <float>1.26423728</float>
    <float>24.2792625</float>
    <float>10.4400835</float>
    <float>26.88551</float>
  </columnWeights>
  <isMSRPreset>false</isMSRPreset>
  <parameterTagType>0</parameterTagType>
  <parameterTag2Type>0</parameterTag2Type>
  <parameterTag3Type>0</parameterTag3Type>
  <parameterTag4Type>0</parameterTag4Type>
  <parameterTag5Type>0</parameterTag5Type>
  <parameterTag6Type>0</parameterTag6Type>
  <parameterTagId>0</parameterTagId>
  <parameterTag2Id>0</parameterTag2Id>
  <parameterTag3Id>0</parameterTag3Id>
  <parameterTag4Id>0</parameterTag4Id>
  <parameterTag5Id>0</parameterTag5Id>
  <parameterTag6Id>0</parameterTag6Id>
  <customTextChecked>false</customTextChecked>
  <customText />
  <customText2Checked>false</customText2Checked>
  <customText2 />
  <customText3Checked>false</customText3Checked>
  <customText3 />
  <customText4Checked>false</customText4Checked>
  <customText4 />
  <preserveValues />
  <searchedTagId>65</searchedTagId>
  <searchedPattern>^\s*\d+\s*(-|\.)\s*</searchedPattern>
  <searchedTag2Id>65</searchedTag2Id>
  <searchedPattern2 />
  <searchedTag3Id>65</searchedTag3Id>
  <searchedPattern3 />
  <searchedTag4Id>41</searchedTag4Id>
  <searchedPattern4 />
  <searchedTag5Id>41</searchedTag5Id>
  <searchedPattern5 />
  <replacedTagId>65</replacedTagId>
  <replacedPattern />
  <replacedTag2Id>76</replacedTag2Id>
  <replacedPattern2 />
  <replacedTag3Id>76</replacedTag3Id>
  <replacedPattern3 />
  <replacedTag4Id>41</replacedTag4Id>
  <replacedPattern4 />
  <replacedTag5Id>41</replacedTag5Id>
  <replacedPattern5 />
  <append>false</append>
  <append2>false</append2>
  <append3>false</append3>
  <append4>false</append4>
  <append5>false</append5>
</Preset>