﻿<?xml version="1.0" encoding="utf-8"?>
<Preset xmlns:xsi="http://www.w3.org/2001/XMLSchema-instance" xmlns:xsd="http://www.w3.org/2001/XMLSchema">
  <modifiedUtc>2013-07-16T16:25:20.1502715Z</modifiedUtc>
  <userPreset>false</userPreset>
  <customizedByUser>false</customizedByUser>
  <guid>b86569a0-81e1-49e1-bdce-3eea15f0ae93</guid>
  <id />
  <hotkeyAssigned>false</hotkeyAssigned>
  <names>
    <string>de</string>
    <string>Lösche alle '(...)' oder '[...]' aus '&lt;Tag 1&gt;'</string>
    <string>en</string>
    <string>Remove all '(...)' or '[...]' from '&lt;Tag 1&gt;'</string>
    <string>fr</string>
    <string>Supprimer tous les '(...)' ou '[...]' du '&lt;Tag 1&gt;'</string>
    <string>pl</string>
    <string>Usuń wszystkie nawiasy '(...)' lub '[...]' z '&lt;Taga 1&gt;'</string>
    <string>ru</string>
    <string>Удалить все '(...)' или '[...]' из тега '&lt;Тег 1&gt;'</string>
  </names>
  <descriptions>
    <string>de</string>
    <string>Der Befehl löscht alle '(...)' oder '[...]' aus '&lt;Tag 1&gt;' (z.B.: aus 'RV 548: 1. [Allegro]' wird 'RV 548: 1.'). </string>
    <string>en</string>
    <string>Preset removes all '(...)' or '[...]' from '&lt;Tag 1&gt;' (e.g. 'RV 548: 1. [Allegro]' becomes 'RV 548: 1.'). </string>
    <string>fr</string>
    <string>La presete supprime tous les '(...)' ou '[...]' du '&lt;Tag 1&gt;' (ex: 'RV 548: 1. [Allegro]' devient 'RV 548: 1.'). </string>
    <string>pl</string>
    <string>Polecenie usuwa wszystkie nawiasy '(...)' lub '[...]' z '&lt;Taga 1&gt;' (np. 'RV 548: 1. [Allegro]' zmieni się na: 'RV 548: 1.').</string>
    <string>ru</string>
    <string>Пресет удаляет '(...)' или '[...]' из тега '&lt;Тег 1&gt;' (например, 'RV 548: 1. [Allegro]' будет заменено на 'RV 548: 1.'). </string>
  </descriptions>
  <ignoreCase>true</ignoreCase>
  <applyToPlayingTrack>false</applyToPlayingTrack>
  <condition>false</condition>
  <columnWeights>
    <float>180.816986</float>
    <float>24.5341911</float>
    <float>23.2035236</float>
    <float>7.930729</float>
    <float>1.20162547</float>
    <float>1.20162547</float>
    <float>23.2421837</float>
    <float>1.26423728</float>
    <float>24.2792625</float>
    <float>10.4400835</float>
    <float>26.88551</float>
  </columnWeights>
  <isMSRPreset>false</isMSRPreset>
  <parameterTagType>1</parameterTagType>
  <parameterTag2Type>0</parameterTag2Type>
  <parameterTag3Type>0</parameterTag3Type>
  <parameterTag4Type>0</parameterTag4Type>
  <parameterTag5Type>0</parameterTag5Type>
  <parameterTag6Type>0</parameterTag6Type>
  <parameterTagId>65</parameterTagId>
  <parameterTag2Id>0</parameterTag2Id>
  <parameterTag3Id>0</parameterTag3Id>
  <parameterTag4Id>0</parameterTag4Id>
  <parameterTag5Id>0</parameterTag5Id>
  <parameterTag6Id>0</parameterTag6Id>
  <customTextChecked>false</customTextChecked>
  <customText />
  <customText2Checked>false</customText2Checked>
  <customText2 />
  <customText3Checked>false</customText3Checked>
  <customText3 />
  <customText4Checked>false</customText4Checked>
  <customText4 />
  <preserveValues />
  <searchedTagId>-101</searchedTagId>
  <searchedPattern>(.*?)\s*[\(\[].*?[\]\)]</searchedPattern>
  <searchedTag2Id>65</searchedTag2Id>
  <searchedPattern2 />
  <searchedTag3Id>65</searchedTag3Id>
  <searchedPattern3 />
  <searchedTag4Id>41</searchedTag4Id>
  <searchedPattern4 />
  <searchedTag5Id>41</searchedTag5Id>
  <searchedPattern5 />
  <replacedTagId>-101</replacedTagId>
  <replacedPattern>$1</replacedPattern>
  <replacedTag2Id>76</replacedTag2Id>
  <replacedPattern2 />
  <replacedTag3Id>76</replacedTag3Id>
  <replacedPattern3 />
  <replacedTag4Id>41</replacedTag4Id>
  <replacedPattern4 />
  <replacedTag5Id>41</replacedTag5Id>
  <replacedPattern5 />
  <append>false</append>
  <append2>false</append2>
  <append3>false</append3>
  <append4>false</append4>
  <append5>false</append5>
</Preset>