﻿<?xml version="1.0" encoding="utf-8"?>
<Preset xmlns:xsi="http://www.w3.org/2001/XMLSchema-instance" xmlns:xsd="http://www.w3.org/2001/XMLSchema">
  <modifiedUtc>2013-07-16T16:18:29.1317626Z</modifiedUtc>
  <userPreset>false</userPreset>
  <customizedByUser>false</customizedByUser>
  <guid>ab1d9738-e3fd-451a-814f-edef0fc1ab96</guid>
  <id />
  <hotkeyAssigned>false</hotkeyAssigned>
  <names>
    <string>de</string>
    <string>Lösche '(...)' oder '[...]' am Anfang von '&lt;Tag 1&gt;'</string>
    <string>en</string>
    <string>Remove '(...)' or '[...]' from the beginning of '&lt;Tag 1&gt;'</string>
    <string>fr</string>
    <string>Supprimer '(...)' ou '[...]' du début de '&lt;Tag 1&gt;'</string>
    <string>pl</string>
    <string>Usuń '(...)' lub '[...]' z początku '&lt;Taga 1&gt;'</string>
    <string>ru</string>
    <string>Удалить '(...)' или '[...]' в начале тега '&lt;Тег 1&gt;'</string>
  </names>
  <descriptions>
    <string>de</string>
    <string>Der Befehl löscht '(...)' oder '[...]' am Anfang von '&lt;Tag 1&gt;' (z. B.: aus '(irgendein Text) Album' oder '[irgendein Text] Album' wird 'Album'). </string>
    <string>en</string>
    <string>Preset removes '(...)' or '[...]' from the beginning of '&lt;Tag 1&gt;' tag (e.g. '(any text) Album' or '[any text] Album' becomes 'Album'). </string>
    <string>fr</string>
    <string>La presete supprime '(...)' ou '[...]' du début du tag '&lt;Tag 1&gt;'  (ex: '(un texte) Album' ou '[un texte] Album' devient 'Album'). </string>
    <string>pl</string>
    <string>Polecenie usuwa '(...)' lub '[...]' z początku '&lt;Taga 1&gt;' (np. z '(jakiś tekst) Album' lub '[jakiś tekst] Album'
 pozostanie 'Album').</string>
    <string>ru</string>
    <string>Пресет удаляет '(...)' или '[...]' в начале тега '&lt;Тег 1&gt;' (например, '(any text) Album' или '[any text] Album' будет заменено на 'Album'). </string>
  </descriptions>
  <ignoreCase>true</ignoreCase>
  <applyToPlayingTrack>false</applyToPlayingTrack>
  <condition>false</condition>
  <columnWeights>
    <float>155.492889</float>
    <float>21.0980854</float>
    <float>20.0745411</float>
    <float>19.9680786</float>
    <float>19.953783</float>
    <float>24.27926</float>
    <float>1.26423752</float>
    <float>1.26423728</float>
    <float>24.2792625</float>
    <float>10.4400835</float>
    <float>26.88551</float>
  </columnWeights>
  <isMSRPreset>false</isMSRPreset>
  <parameterTagType>1</parameterTagType>
  <parameterTag2Type>0</parameterTag2Type>
  <parameterTag3Type>0</parameterTag3Type>
  <parameterTag4Type>0</parameterTag4Type>
  <parameterTag5Type>0</parameterTag5Type>
  <parameterTag6Type>0</parameterTag6Type>
  <parameterTagId>30</parameterTagId>
  <parameterTag2Id>0</parameterTag2Id>
  <parameterTag3Id>0</parameterTag3Id>
  <parameterTag4Id>0</parameterTag4Id>
  <parameterTag5Id>0</parameterTag5Id>
  <parameterTag6Id>0</parameterTag6Id>
  <customTextChecked>false</customTextChecked>
  <customText />
  <customText2Checked>false</customText2Checked>
  <customText2 />
  <customText3Checked>false</customText3Checked>
  <customText3 />
  <customText4Checked>false</customText4Checked>
  <customText4 />
  <preserveValues />
  <searchedTagId>-101</searchedTagId>
  <searchedPattern>^[\(\[].*?[\]\)]\s*</searchedPattern>
  <searchedTag2Id>30</searchedTag2Id>
  <searchedPattern2 />
  <searchedTag3Id>30</searchedTag3Id>
  <searchedPattern3 />
  <searchedTag4Id>41</searchedTag4Id>
  <searchedPattern4 />
  <searchedTag5Id>41</searchedTag5Id>
  <searchedPattern5 />
  <replacedTagId>-101</replacedTagId>
  <replacedPattern />
  <replacedTag2Id>30</replacedTag2Id>
  <replacedPattern2 />
  <replacedTag3Id>30</replacedTag3Id>
  <replacedPattern3 />
  <replacedTag4Id>41</replacedTag4Id>
  <replacedPattern4 />
  <replacedTag5Id>41</replacedTag5Id>
  <replacedPattern5 />
  <append>false</append>
  <append2>false</append2>
  <append3>false</append3>
  <append4>false</append4>
  <append5>false</append5>
</Preset>