﻿<?xml version="1.0" encoding="utf-8"?>
<Preset xmlns:xsi="http://www.w3.org/2001/XMLSchema-instance" xmlns:xsd="http://www.w3.org/2001/XMLSchema">
  <modifiedUtc>2018-03-22T13:33:35.8573238Z</modifiedUtc>
  <userPreset>false</userPreset>
  <customizedByUser>false</customizedByUser>
  <guid>448f49d1-5eb9-4822-ae5d-d65755a5b132</guid>
  <id />
  <hotkeyAssigned>false</hotkeyAssigned>
  <names>
    <string>de</string>
    <string>Lösche Monat und Tag aus dem Erscheinungsdatum</string>
    <string>en</string>
    <string>Remove month and day from release date</string>
    <string>fr</string>
    <string>Supprimer le mois et le jour de la date de publication</string>
    <string>pl</string>
    <string>Usuń miesiąc i dzień z daty wydania</string>
    <string>ru</string>
    <string>Удалить день и месяц из даты композиции</string>
  </names>
  <descriptions>
    <string>de</string>
    <string>Der Befehl löscht Monat und Tag aus dem 'Jahr' Tag (z.B.: aus '2009-05-06' oder '06.05.2009' wird '2009'). </string>
    <string>en</string>
    <string>Preset removes month and day from 'Year' tag (e.g. '2009-05-06' or '05/06/2009' becomes '2009'). </string>
    <string>fr</string>
    <string>La presete supprime le mois et le jour du tag 'Année' (ex: '2009-05-06' ou '06.05.2009' devient '2009'). </string>
    <string>pl</string>
    <string>Polecenie usuwa miesiąc i dzień z taga 'Rok' (np. z '2009-05-06' lub '06.05.2009' pozostanie '2009').</string>
    <string>ru</string>
    <string>Пресет удаляет день и месяц из тега 'Год' (например, '2009-05-06' или '06.05.2009' будет заменено на '2009'). </string>
  </descriptions>
  <ignoreCase>true</ignoreCase>
  <applyToPlayingTrack>false</applyToPlayingTrack>
  <condition>false</condition>
  <columnWeights>
    <float>147.669968</float>
    <float>22.38783</float>
    <float>21.1965981</float>
    <float>20.0366287</float>
    <float>20.03663</float>
    <float>8.615751</float>
    <float>22.1874542</float>
    <float>1.26423728</float>
    <float>24.2792625</float>
    <float>10.4400835</float>
    <float>26.88551</float>
  </columnWeights>
  <isMSRPreset>false</isMSRPreset>
  <parameterTagType>0</parameterTagType>
  <parameterTag2Type>0</parameterTag2Type>
  <parameterTag3Type>0</parameterTag3Type>
  <parameterTag4Type>0</parameterTag4Type>
  <parameterTag5Type>0</parameterTag5Type>
  <parameterTag6Type>0</parameterTag6Type>
  <parameterTagId>0</parameterTagId>
  <parameterTag2Id>0</parameterTag2Id>
  <parameterTag3Id>0</parameterTag3Id>
  <parameterTag4Id>0</parameterTag4Id>
  <parameterTag5Id>0</parameterTag5Id>
  <parameterTag6Id>0</parameterTag6Id>
  <customTextChecked>false</customTextChecked>
  <customText />
  <customText2Checked>false</customText2Checked>
  <customText2 />
  <customText3Checked>false</customText3Checked>
  <customText3 />
  <customText4Checked>false</customText4Checked>
  <customText4 />
  <preserveValues />
  <searchedTagId>88</searchedTagId>
  <searchedPattern>^\d{1,2}\D\d{1,2}\D(\d{4}).*|^(\d{4})\D\d{1,2}\D\d{1,2}.*</searchedPattern>
  <searchedTag2Id>88</searchedTag2Id>
  <searchedPattern2 />
  <searchedTag3Id>88</searchedTag3Id>
  <searchedPattern3 />
  <searchedTag4Id>-201</searchedTag4Id>
  <searchedPattern4 />
  <searchedTag5Id>-201</searchedTag5Id>
  <searchedPattern5 />
  <replacedTagId>88</replacedTagId>
  <replacedPattern>$1$2</replacedPattern>
  <replacedTag2Id>88</replacedTag2Id>
  <replacedPattern2 />
  <replacedTag3Id>88</replacedTag3Id>
  <replacedPattern3 />
  <replacedTag4Id>-201</replacedTag4Id>
  <replacedPattern4 />
  <replacedTag5Id>-201</replacedTag5Id>
  <replacedPattern5 />
  <append>false</append>
  <append2>false</append2>
  <append3>false</append3>
  <append4>false</append4>
  <append5>false</append5>
</Preset>