﻿<?xml version="1.0" encoding="utf-8"?>
<Preset xmlns:xsi="http://www.w3.org/2001/XMLSchema-instance" xmlns:xsd="http://www.w3.org/2001/XMLSchema">
  <modifiedUtc>2013-04-17T11:59:18.7300013Z</modifiedUtc>
  <userPreset>false</userPreset>
  <customizedByUser>false</customizedByUser>
  <guid>66ebcb76-fb52-4602-9c20-94b87901eade</guid>
  <id />
  <hotkeyAssigned>false</hotkeyAssigned>
  <names>
    <string>de</string>
    <string>Lösche http:// oder www. Adresse aus '&lt;Tag 1&gt;'</string>
    <string>en</string>
    <string>Remove http:// or www. address from '&lt;Tag 1&gt;'</string>
    <string>fr</string>
    <string>Supprimer http:// ou www. adresse du '&lt;Tag 1&gt;'</string>
    <string>pl</string>
    <string>Usuń adres http:// lub www. z '&lt;Taga 1&gt;'</string>
    <string>ru</string>
    <string>Удалить интернет адрес (http:// или www.) из тега '&lt;Тег 1&gt;'</string>
  </names>
  <descriptions>
    <string>de</string>
    <string>Der Befehl löscht eine 'http://' oder 'www.' Adresse aus '&lt;Tag 1&gt;' (z.B.: 'Abc http://.../... Xyz' wird ersetzt durch 'Abc Xyz'). </string>
    <string>en</string>
    <string>Preset removes 'http://' or 'www.' address from '&lt;Tag 1&gt;' (e.g. 'Abc http://.../... Xyz' will be replaced with 'Abc Xyz'). </string>
    <string>fr</string>
    <string>La preseter supprime 'http://' ou 'www.' adresse du '&lt;Tag 1&gt;' (ex: 'Abc http://.../... Xyz' sera remplacé par 'Abc Xyz'). </string>
    <string>pl</string>
    <string>Polecenie usuwa adres http:// lub www. z '&lt;Taga 1&gt;' (np. Abc http://.../... Xyz' zmieni się na: 'Abc Xyz').</string>
    <string>ru</string>
    <string>Пресет удаляет интернет адрес (http:// или www.) из тега '&lt;Тег 1&gt;' (например, 'Abc http://.../... Xyz' будет заменено на 'Abc Xyz'). </string>
  </descriptions>
  <ignoreCase>true</ignoreCase>
  <applyToPlayingTrack>false</applyToPlayingTrack>
  <condition>false</condition>
  <columnWeights>
    <float>151.30751</float>
    <float>20.59061</float>
    <float>19.47383</float>
    <float>25</float>
    <float>25</float>
    <float>25</float>
    <float>25</float>
    <float>25</float>
    <float>25</float>
    <float>25</float>
    <float>25</float>
  </columnWeights>
  <isMSRPreset>false</isMSRPreset>
  <parameterTagType>1</parameterTagType>
  <parameterTag2Type>0</parameterTag2Type>
  <parameterTag3Type>0</parameterTag3Type>
  <parameterTag4Type>0</parameterTag4Type>
  <parameterTag5Type>0</parameterTag5Type>
  <parameterTag6Type>0</parameterTag6Type>
  <parameterTagId>44</parameterTagId>
  <parameterTag2Id>0</parameterTag2Id>
  <parameterTag3Id>0</parameterTag3Id>
  <parameterTag4Id>0</parameterTag4Id>
  <parameterTag5Id>0</parameterTag5Id>
  <parameterTag6Id>0</parameterTag6Id>
  <customTextChecked>false</customTextChecked>
  <customText />
  <customText2Checked>false</customText2Checked>
  <customText2 />
  <customText3Checked>false</customText3Checked>
  <customText3 />
  <customText4Checked>false</customText4Checked>
  <customText4 />
  <preserveValues />
  <searchedTagId>-101</searchedTagId>
  <searchedPattern>(?:^|\s)(?:http://|www\.)[^\s]+</searchedPattern>
  <searchedTag2Id>44</searchedTag2Id>
  <searchedPattern2 />
  <searchedTag3Id>44</searchedTag3Id>
  <searchedPattern3 />
  <searchedTag4Id>-201</searchedTag4Id>
  <searchedPattern4 />
  <searchedTag5Id>-201</searchedTag5Id>
  <searchedPattern5 />
  <replacedTagId>-101</replacedTagId>
  <replacedPattern />
  <replacedTag2Id>44</replacedTag2Id>
  <replacedPattern2 />
  <replacedTag3Id>44</replacedTag3Id>
  <replacedPattern3 />
  <replacedTag4Id>-201</replacedTag4Id>
  <replacedPattern4 />
  <replacedTag5Id>-201</replacedTag5Id>
  <replacedPattern5 />
  <append>false</append>
  <append2>false</append2>
  <append3>false</append3>
  <append4>false</append4>
  <append5>false</append5>
</Preset>