﻿<?xml version="1.0" encoding="utf-8"?>
<Preset xmlns:xsi="http://www.w3.org/2001/XMLSchema-instance" xmlns:xsd="http://www.w3.org/2001/XMLSchema">
  <modifiedUtc>2013-04-17T12:48:10.9137126Z</modifiedUtc>
  <userPreset>false</userPreset>
  <customizedByUser>false</customizedByUser>
  <guid>afe9f5ab-818a-4e4f-9973-4e629ffcd317</guid>
  <id />
  <hotkeyAssigned>false</hotkeyAssigned>
  <names>
    <string>de</string>
    <string>Lösche führende/nachfolgende Leerschritte in '&lt;Tag 1&gt;'</string>
    <string>en</string>
    <string>Remove leading/trailing spaces in '&lt;Tag 1&gt;'</string>
    <string>fr</string>
    <string>Supprimer les espaces au début et à la fin du '&lt;Tag 1&gt;'</string>
    <string>pl</string>
    <string>Usuń wszystkie spacje z początku/z końca '&lt;Taga 1&gt;'</string>
    <string>ru</string>
    <string>Удалить все пробелы в начале/конце тега '&lt;Тег 1&gt;'</string>
  </names>
  <descriptions>
    <string>de</string>
    <string>Der Befehl löscht führende/nachfolgende Leerschritte im '&lt;Tag 1&gt;' (z.B.: '    Text1  Text2 ' wird ersetzt durch 'Text1  Text2'). </string>
    <string>en</string>
    <string>Preset removes leading/trailing spaces in the '&lt;Tag 1&gt;' (e.g. '    text1  text2 ' will be replaced with 'text1  text2'). </string>
    <string>fr</string>
    <string>La presete supprime les espaces au début et à la fin du '&lt;Tag 1&gt;' (ex '    texte1  texte2 ' sera remplacé par 'texte1  texte2'). </string>
    <string>pl</string>
    <string>Polecenie usuwa wszystkie spacje z początku/z końca '&lt;Taga 1&gt;' (np. '    tekst1  tekst2 ' zmieni się na: 'tekst1  tekst2').</string>
    <string>ru</string>
    <string>Пресет удаляет все пробелы в начале и в конце тега '&lt;Тег 1&gt;' (например, '     текст1 текст2    ' будет заменено на 'текст1 текст2'). </string>
  </descriptions>
  <ignoreCase>true</ignoreCase>
  <applyToPlayingTrack>false</applyToPlayingTrack>
  <condition>false</condition>
  <columnWeights>
    <float>180.816986</float>
    <float>24.5341911</float>
    <float>23.2035236</float>
    <float>7.930729</float>
    <float>1.20162547</float>
    <float>1.20162547</float>
    <float>23.2421837</float>
    <float>1.26423728</float>
    <float>24.2792625</float>
    <float>10.4400835</float>
    <float>26.88551</float>
  </columnWeights>
  <isMSRPreset>false</isMSRPreset>
  <parameterTagType>1</parameterTagType>
  <parameterTag2Type>0</parameterTag2Type>
  <parameterTag3Type>0</parameterTag3Type>
  <parameterTag4Type>0</parameterTag4Type>
  <parameterTag5Type>0</parameterTag5Type>
  <parameterTag6Type>0</parameterTag6Type>
  <parameterTagId>65</parameterTagId>
  <parameterTag2Id>0</parameterTag2Id>
  <parameterTag3Id>0</parameterTag3Id>
  <parameterTag4Id>0</parameterTag4Id>
  <parameterTag5Id>0</parameterTag5Id>
  <parameterTag6Id>0</parameterTag6Id>
  <customTextChecked>false</customTextChecked>
  <customText />
  <customText2Checked>false</customText2Checked>
  <customText2 />
  <customText3Checked>false</customText3Checked>
  <customText3 />
  <customText4Checked>false</customText4Checked>
  <customText4 />
  <preserveValues />
  <searchedTagId>-101</searchedTagId>
  <searchedPattern>^\s+</searchedPattern>
  <searchedTag2Id>-101</searchedTag2Id>
  <searchedPattern2>\s+$</searchedPattern2>
  <searchedTag3Id>65</searchedTag3Id>
  <searchedPattern3 />
  <searchedTag4Id>41</searchedTag4Id>
  <searchedPattern4 />
  <searchedTag5Id>41</searchedTag5Id>
  <searchedPattern5 />
  <replacedTagId>-101</replacedTagId>
  <replacedPattern />
  <replacedTag2Id>-101</replacedTag2Id>
  <replacedPattern2 />
  <replacedTag3Id>76</replacedTag3Id>
  <replacedPattern3 />
  <replacedTag4Id>41</replacedTag4Id>
  <replacedPattern4 />
  <replacedTag5Id>41</replacedTag5Id>
  <replacedPattern5 />
  <append>false</append>
  <append2>false</append2>
  <append3>false</append3>
  <append4>false</append4>
  <append5>false</append5>
</Preset>