﻿<?xml version="1.0" encoding="utf-8"?>
<Preset xmlns:xsi="http://www.w3.org/2001/XMLSchema-instance" xmlns:xsd="http://www.w3.org/2001/XMLSchema">
  <modifiedUtc>2013-07-16T16:22:47.5535435Z</modifiedUtc>
  <userPreset>false</userPreset>
  <customizedByUser>false</customizedByUser>
  <guid>5097dca5-bedd-4544-ae03-e5577cee247c</guid>
  <id />
  <hotkeyAssigned>false</hotkeyAssigned>
  <names>
    <string>de</string>
    <string>Lösche Präfixe (The, A, An) aus ''&lt;Tag 1&gt;'</string>
    <string>en</string>
    <string>Remove articles (The, A, An) from '&lt;Tag 1&gt;'</string>
    <string>fr</string>
    <string>Supprimer les préfixes (The, A, An) de '&lt;Tag 1&gt;'</string>
    <string>pl</string>
    <string>Usuń przedimki (The, A, An) z '&lt;Taga 1&gt;'</string>
    <string>ru</string>
    <string>Удалить артикли (The, A, An) из тега '&lt;Тег 1&gt;'</string>
  </names>
  <descriptions>
    <string>de</string>
    <string>Der Befehl löscht die Präfixe (The, A, An) am Anfang von '&lt;Tag 1&gt;' oder am Anfang jedes Künstler-/Komponisten-Namens im Mehrfach-Eintrag-Tag (z.B.: aus 'The Beatles' wird 'Beatles'). </string>
    <string>en</string>
    <string>Preset removes articles (The, A, An) from the beginning of '&lt;Tag 1&gt;' or from the beginning of every artist/composer name for multi-item tag (e.g. 'The Beatles' becomes 'Beatles'). </string>
    <string>fr</string>
    <string>La presete supprime les préfixes (The, A, An) du début du '&lt;Tag 1&gt;' ou du début de chaque artiste/compositeur pour les tags avec plusieurs éléments (ex: 'The Beatles' devient 'Beatles'). </string>
    <string>pl</string>
    <string>Polecenie usuwa przedimki (The, A, An) z początku '&lt;Taga 1&gt;' lub sprzed każdej nazwy Wykonawcy/Kompozytora dla tagów zawierających wielu wykonawców (np. z 'The Beatles' pozostanie 'Beatles').</string>
    <string>ru</string>
    <string>Шаблон удаляет артикли (The, A, An) из тега '&lt;Тег 1&gt;' в начале тега или в начале имени каждого исполнителя/композитора для тегов 'Исполнитель'/'Композитор' (например, 'The Beatles' будет заменено на 'Beatles'). </string>
  </descriptions>
  <ignoreCase>true</ignoreCase>
  <applyToPlayingTrack>false</applyToPlayingTrack>
  <condition>false</condition>
  <columnWeights>
    <float>178.1508</float>
    <float>24.1724281</float>
    <float>22.8613815</float>
    <float>7.930729</float>
    <float>1.20162547</float>
    <float>1.20162547</float>
    <float>26.6122742</float>
    <float>1.26423728</float>
    <float>24.2792625</float>
    <float>10.4400835</float>
    <float>26.88551</float>
  </columnWeights>
  <isMSRPreset>false</isMSRPreset>
  <parameterTagType>1</parameterTagType>
  <parameterTag2Type>0</parameterTag2Type>
  <parameterTag3Type>0</parameterTag3Type>
  <parameterTag4Type>0</parameterTag4Type>
  <parameterTag5Type>0</parameterTag5Type>
  <parameterTag6Type>0</parameterTag6Type>
  <parameterTagId>-2</parameterTagId>
  <parameterTag2Id>0</parameterTag2Id>
  <parameterTag3Id>0</parameterTag3Id>
  <parameterTag4Id>0</parameterTag4Id>
  <parameterTag5Id>0</parameterTag5Id>
  <parameterTag6Id>0</parameterTag6Id>
  <customTextChecked>false</customTextChecked>
  <customText />
  <customText2Checked>false</customText2Checked>
  <customText2 />
  <customText3Checked>false</customText3Checked>
  <customText3 />
  <customText4Checked>false</customText4Checked>
  <customText4 />
  <preserveValues />
  <searchedTagId>-101</searchedTagId>
  <searchedPattern>;\s+</searchedPattern>
  <searchedTag2Id>-2</searchedTag2Id>
  <searchedPattern2>(^[\x01\x02\x04]?\s*|[\x00;][\x01\x02\x04]?\s*)(The|A|An)(\s+)(.+?)(?=$|[\x00;])</searchedPattern2>
  <searchedTag3Id>-2</searchedTag3Id>
  <searchedPattern3>;</searchedPattern3>
  <searchedTag4Id>-201</searchedTag4Id>
  <searchedPattern4 />
  <searchedTag5Id>-201</searchedTag5Id>
  <searchedPattern5 />
  <replacedTagId>-101</replacedTagId>
  <replacedPattern>;</replacedPattern>
  <replacedTag2Id>-2</replacedTag2Id>
  <replacedPattern2>$1$4</replacedPattern2>
  <replacedTag3Id>-2</replacedTag3Id>
  <replacedPattern3>; </replacedPattern3>
  <replacedTag4Id>-201</replacedTag4Id>
  <replacedPattern4 />
  <replacedTag5Id>-201</replacedTag5Id>
  <replacedPattern5 />
  <append>false</append>
  <append2>false</append2>
  <append3>false</append3>
  <append4>false</append4>
  <append5>false</append5>
</Preset>