﻿<?xml version="1.0" encoding="utf-8"?>
<Preset xmlns:xsi="http://www.w3.org/2001/XMLSchema-instance" xmlns:xsd="http://www.w3.org/2001/XMLSchema">
  <modifiedUtc>2013-04-17T10:49:39.4149582Z</modifiedUtc>
  <userPreset>false</userPreset>
  <customizedByUser>false</customizedByUser>
  <guid>c7f8a9bd-2351-4c5a-a724-472de37cb495</guid>
  <id />
  <hotkeyAssigned>false</hotkeyAssigned>
  <names>
    <string>de</string>
    <string>Lösche Alles vor und inklusive &lt;Eigener Text 1&gt; in Tag &lt;Tag 1&gt;</string>
    <string>en</string>
    <string>Remove everything before and including &lt;Custom text 1&gt; in tag &lt;Tag 1&gt;</string>
    <string>pl</string>
    <string>Usuń wszystko przed &lt;Własny tekst1&gt;, włącznie z &lt;Własny tekst1&gt;, w &lt;Tagu 1&gt;</string>
    <string>ru</string>
    <string>Удалить все символы перед текстом &lt;Свой текст 1&gt;, включая этот текст, в теге &lt;Тег 1&gt;</string>
  </names>
  <descriptions>
    <string>de</string>
    <string>Lösche Alles vor und inklusive &lt;Eigener Text 1&gt; in Tag &lt;Tag 1&gt;.</string>
    <string>en</string>
    <string>Remove everything before and including &lt;Custom text 1&gt; in tag &lt;Tag 1&gt;.</string>
    <string>pl</string>
    <string>Usuń wszystko przed &lt;Własny tekst1&gt;, włącznie z &lt;Własny tekst1&gt;, w &lt;Tagu 1&gt;.</string>
    <string>ru</string>
    <string>Удалить все символы перед текстом &lt;Свой текст 1&gt;, включая этот текст, в теге &lt;Тег 1&gt;.</string>
  </descriptions>
  <ignoreCase>true</ignoreCase>
  <applyToPlayingTrack>false</applyToPlayingTrack>
  <condition>false</condition>
  <columnWeights>
    <float>163.410568</float>
    <float>20.5967388</float>
    <float>15.8553286</float>
    <float>25</float>
    <float>25</float>
    <float>25</float>
    <float>25</float>
    <float>25</float>
    <float>25</float>
    <float>25</float>
    <float>25</float>
  </columnWeights>
  <isMSRPreset>false</isMSRPreset>
  <parameterTagType>1</parameterTagType>
  <parameterTag2Type>0</parameterTag2Type>
  <parameterTag3Type>0</parameterTag3Type>
  <parameterTag4Type>0</parameterTag4Type>
  <parameterTag5Type>0</parameterTag5Type>
  <parameterTag6Type>0</parameterTag6Type>
  <parameterTagId>-2</parameterTagId>
  <parameterTag2Id>0</parameterTag2Id>
  <parameterTag3Id>0</parameterTag3Id>
  <parameterTag4Id>0</parameterTag4Id>
  <parameterTag5Id>0</parameterTag5Id>
  <parameterTag6Id>0</parameterTag6Id>
  <customTextChecked>true</customTextChecked>
  <customText>feat.</customText>
  <customText2Checked>false</customText2Checked>
  <customText2 />
  <customText3Checked>false</customText3Checked>
  <customText3 />
  <customText4Checked>false</customText4Checked>
  <customText4 />
  <preserveValues />
  <searchedTagId>-101</searchedTagId>
  <searchedPattern>^.*?\@1\s*</searchedPattern>
  <searchedTag2Id>41</searchedTag2Id>
  <searchedPattern2 />
  <searchedTag3Id>41</searchedTag3Id>
  <searchedPattern3 />
  <searchedTag4Id>41</searchedTag4Id>
  <searchedPattern4 />
  <searchedTag5Id>41</searchedTag5Id>
  <searchedPattern5 />
  <replacedTagId>-101</replacedTagId>
  <replacedPattern />
  <replacedTag2Id>41</replacedTag2Id>
  <replacedPattern2 />
  <replacedTag3Id>41</replacedTag3Id>
  <replacedPattern3 />
  <replacedTag4Id>41</replacedTag4Id>
  <replacedPattern4 />
  <replacedTag5Id>41</replacedTag5Id>
  <replacedPattern5 />
  <append>false</append>
  <append2>false</append2>
  <append3>false</append3>
  <append4>false</append4>
  <append5>false</append5>
</Preset>