﻿<?xml version="1.0" encoding="utf-8"?>
<Preset xmlns:xsi="http://www.w3.org/2001/XMLSchema-instance" xmlns:xsd="http://www.w3.org/2001/XMLSchema">
  <modifiedUtc>2016-06-23T14:09:13.790014Z</modifiedUtc>
  <userPreset>false</userPreset>
  <customizedByUser>false</customizedByUser>
  <guid>79c2335d-e11e-44c5-8a5b-87fda6aeed9e</guid>
  <id />
  <hotkeyAssigned>false</hotkeyAssigned>
  <names>
    <string>en</string>
    <string>Remove given number of characters from beginning/end of &lt;Tag 1&gt;</string>
    <string>ru</string>
    <string>Удалить определенное число символов из начала/конца тега &lt;Тег 1&gt;</string>
  </names>
  <descriptions>
    <string>en</string>
    <string>Preset removes a given (by &lt;Custom text 1&gt; for the beginning of tag and &lt;Custom text 2&gt; for the end of tag) number of characters from &lt;Tag 1&gt;. </string>
    <string>ru</string>
    <string>Пресет удаляет определенное число символов (заданное значением &lt;Свой текст 1&gt; для начала тега и &lt;Свой текст 2&gt; для конца тега) из начала/конца тега &lt;Тег 1&gt;. </string>
  </descriptions>
  <ignoreCase>true</ignoreCase>
  <applyToPlayingTrack>false</applyToPlayingTrack>
  <condition>false</condition>
  <columnWeights>
    <float>151.748184</float>
    <float>20.5899849</float>
    <float>19.47324</float>
    <float>20.0366287</float>
    <float>19.4796276</float>
    <float>8.615751</float>
    <float>22.1874542</float>
    <float>1.26423728</float>
    <float>24.2792625</float>
    <float>10.4400835</float>
    <float>26.88551</float>
  </columnWeights>
  <isMSRPreset>false</isMSRPreset>
  <parameterTagType>1</parameterTagType>
  <parameterTag2Type>0</parameterTag2Type>
  <parameterTag3Type>0</parameterTag3Type>
  <parameterTag4Type>0</parameterTag4Type>
  <parameterTag5Type>0</parameterTag5Type>
  <parameterTag6Type>0</parameterTag6Type>
  <parameterTagId>86</parameterTagId>
  <parameterTag2Id>0</parameterTag2Id>
  <parameterTag3Id>0</parameterTag3Id>
  <parameterTag4Id>0</parameterTag4Id>
  <parameterTag5Id>0</parameterTag5Id>
  <parameterTag6Id>0</parameterTag6Id>
  <customTextChecked>true</customTextChecked>
  <customText>1</customText>
  <customText2Checked>true</customText2Checked>
  <customText2>1</customText2>
  <customText3Checked>false</customText3Checked>
  <customText3 />
  <customText4Checked>false</customText4Checked>
  <customText4 />
  <preserveValues />
  <searchedTagId>-101</searchedTagId>
  <searchedPattern>^.{\@1}(.*?).{0,\@2}$</searchedPattern>
  <searchedTag2Id>-101</searchedTag2Id>
  <searchedPattern2 />
  <searchedTag3Id>44</searchedTag3Id>
  <searchedPattern3 />
  <searchedTag4Id>41</searchedTag4Id>
  <searchedPattern4 />
  <searchedTag5Id>41</searchedTag5Id>
  <searchedPattern5 />
  <replacedTagId>-101</replacedTagId>
  <replacedPattern>$1</replacedPattern>
  <replacedTag2Id>-101</replacedTag2Id>
  <replacedPattern2 />
  <replacedTag3Id>44</replacedTag3Id>
  <replacedPattern3 />
  <replacedTag4Id>41</replacedTag4Id>
  <replacedPattern4 />
  <replacedTag5Id>41</replacedTag5Id>
  <replacedPattern5 />
  <append>false</append>
  <append2>false</append2>
  <append3>false</append3>
  <append4>false</append4>
  <append5>false</append5>
</Preset>