﻿<?xml version="1.0" encoding="utf-8"?>
<Preset xmlns:xsi="http://www.w3.org/2001/XMLSchema-instance" xmlns:xsd="http://www.w3.org/2001/XMLSchema">
  <modifiedUtc>2013-07-16T16:18:21.2463116Z</modifiedUtc>
  <userPreset>false</userPreset>
  <customizedByUser>false</customizedByUser>
  <guid>4e069969-d168-4a73-bbbc-590352b69ba4</guid>
  <id />
  <hotkeyAssigned>false</hotkeyAssigned>
  <names>
    <string>de</string>
    <string>Lösche '(...)' oder '[...]' am Ende von '&lt;Tag 1&gt;'</string>
    <string>en</string>
    <string>Remove '(...)' or '[...]' from the end of '&lt;Tag 1&gt;'</string>
    <string>fr</string>
    <string>Supprimer '(...)' ou '[...]' de la fin du '&lt;Tag 1&gt;'</string>
    <string>pl</string>
    <string>Usuń '(...)' lub '[...]' z końca '&lt;Taga 1&gt;'</string>
    <string>ru</string>
    <string>Удалить '(...)' или '[...]' в конце тега '&lt;Тег 1&gt;'</string>
  </names>
  <descriptions>
    <string>de</string>
    <string>Der Befehl löscht '(...)' oder '[...]' am Ende von '&lt;Tag 1&gt;' (z.B.: aus 'Album (irgendein Text)' oder 'Album [irgendein Text]' wird 'Album'). </string>
    <string>en</string>
    <string>Preset removes '(...)' or '[...]' from the end of '&lt;Tag 1&gt;' (e.g. 'Album (any text)' or 'Album [any text]' becomes 'Album'). </string>
    <string>fr</string>
    <string>La presete supprime '(...)' ou '[...]' de la fin du '&lt;Tag 1&gt;' (ex: 'Album (un texte)' ou 'Album [un texte]' devient 'Album'). </string>
    <string>pl</string>
    <string>Polecenie usuwa '(...)' lub '[...]' z końca '&lt;Taga 1&gt;' (np. z 'Album (jakiś tekst)' lub 'Album [jakiś tekst]' pozostanie 'Album'). </string>
    <string>ru</string>
    <string>Пресет удаляет '(...)' или '[...]' в конце тега '&lt;Тег 1&gt;' (например, 'Album (any text)' или 'Album [any text]' будет заменено на 'Album'). </string>
  </descriptions>
  <ignoreCase>true</ignoreCase>
  <applyToPlayingTrack>false</applyToPlayingTrack>
  <condition>false</condition>
  <columnWeights>
    <float>156.433929</float>
    <float>21.22577</float>
    <float>20.0745411</float>
    <float>19.9680786</float>
    <float>18.8850651</float>
    <float>24.27926</float>
    <float>1.26423752</float>
    <float>1.26423728</float>
    <float>24.2792625</float>
    <float>10.4400835</float>
    <float>26.88551</float>
  </columnWeights>
  <isMSRPreset>false</isMSRPreset>
  <parameterTagType>1</parameterTagType>
  <parameterTag2Type>0</parameterTag2Type>
  <parameterTag3Type>0</parameterTag3Type>
  <parameterTag4Type>0</parameterTag4Type>
  <parameterTag5Type>0</parameterTag5Type>
  <parameterTag6Type>0</parameterTag6Type>
  <parameterTagId>30</parameterTagId>
  <parameterTag2Id>0</parameterTag2Id>
  <parameterTag3Id>0</parameterTag3Id>
  <parameterTag4Id>0</parameterTag4Id>
  <parameterTag5Id>0</parameterTag5Id>
  <parameterTag6Id>0</parameterTag6Id>
  <customTextChecked>false</customTextChecked>
  <customText />
  <customText2Checked>false</customText2Checked>
  <customText2 />
  <customText3Checked>false</customText3Checked>
  <customText3 />
  <customText4Checked>false</customText4Checked>
  <customText4 />
  <preserveValues />
  <searchedTagId>-101</searchedTagId>
  <searchedPattern>^(.*)\s*[\(\[].*[\]\)]$</searchedPattern>
  <searchedTag2Id>-101</searchedTag2Id>
  <searchedPattern2>\s+$</searchedPattern2>
  <searchedTag3Id>30</searchedTag3Id>
  <searchedPattern3 />
  <searchedTag4Id>41</searchedTag4Id>
  <searchedPattern4 />
  <searchedTag5Id>41</searchedTag5Id>
  <searchedPattern5 />
  <replacedTagId>-101</replacedTagId>
  <replacedPattern>$1</replacedPattern>
  <replacedTag2Id>-101</replacedTag2Id>
  <replacedPattern2 />
  <replacedTag3Id>30</replacedTag3Id>
  <replacedPattern3 />
  <replacedTag4Id>41</replacedTag4Id>
  <replacedPattern4 />
  <replacedTag5Id>41</replacedTag5Id>
  <replacedPattern5 />
  <append>false</append>
  <append2>false</append2>
  <append3>false</append3>
  <append4>false</append4>
  <append5>false</append5>
</Preset>