﻿<?xml version="1.0" encoding="utf-8"?>
<Preset xmlns:xsi="http://www.w3.org/2001/XMLSchema-instance" xmlns:xsd="http://www.w3.org/2001/XMLSchema">
  <modifiedUtc>2013-07-16T16:33:32.2064155Z</modifiedUtc>
  <userPreset>false</userPreset>
  <customizedByUser>false</customizedByUser>
  <guid>9f68a1c7-f349-4d56-9ca5-8dbcedc2fb41</guid>
  <id />
  <hotkeyAssigned>false</hotkeyAssigned>
  <names>
    <string>de</string>
    <string>Lösche führende Nullen in '&lt;Tag 1&gt;' - 1</string>
    <string>en</string>
    <string>Remove leading zeros in '&lt;Tag 1&gt;' - 1</string>
    <string>fr</string>
    <string>Supprimer tous les zéros au début du '&lt;Tag 1&gt;' - 1</string>
    <string>pl</string>
    <string>Usuń poprzedzające zera z '&lt;Taga 1&gt;' - 1</string>
    <string>ru</string>
    <string>Удалить лидирующие нули в теге '&lt;Тег 1&gt;' - 1</string>
  </names>
  <descriptions>
    <string>de</string>
    <string>Der Befehl löscht führende Nullen in '&lt;Tag 1&gt;' und alle Zeichen ab dem ersten Nicht-Zahl-Zeichen (z.B.: aus '00102b01' wird '102'). </string>
    <string>en</string>
    <string>Preset removes leading zeros in the '&lt;Tag 1&gt;' and all chars starting with first non-digit (e.g. '00102b01' will be replaced with '102'). </string>
    <string>fr</string>
    <string>La presete supprime tous les zéros au début du '&lt;Tag 1&gt;' ainsi que tous les caractères ne commençant pas par un chiffre (ex: '00102b01' sera remplacé par '102'). </string>
    <string>pl</string>
    <string>Polecenie usuwa poprzedzające zera z '&lt;Taga 1&gt;', a także wszystkie symbole po pierwszym symbolu niebędącym cyfrą (np. '00102b01' zmieni się na: '102').</string>
    <string>ru</string>
    <string>Пресет удаляет лидирующие нули в теге '&lt;Тег 1&gt;' и все символы после первого не цифрового символа (например, '00102г01' будет заменено на '102'). </string>
  </descriptions>
  <ignoreCase>true</ignoreCase>
  <applyToPlayingTrack>false</applyToPlayingTrack>
  <condition>false</condition>
  <columnWeights>
    <float>151.797974</float>
    <float>20.5967388</float>
    <float>19.4166889</float>
    <float>20.0366287</float>
    <float>19.4796276</float>
    <float>8.615751</float>
    <float>22.1874542</float>
    <float>1.26423728</float>
    <float>24.2792625</float>
    <float>10.4400835</float>
    <float>26.88551</float>
  </columnWeights>
  <isMSRPreset>false</isMSRPreset>
  <parameterTagType>1</parameterTagType>
  <parameterTag2Type>0</parameterTag2Type>
  <parameterTag3Type>0</parameterTag3Type>
  <parameterTag4Type>0</parameterTag4Type>
  <parameterTag5Type>0</parameterTag5Type>
  <parameterTag6Type>0</parameterTag6Type>
  <parameterTagId>86</parameterTagId>
  <parameterTag2Id>0</parameterTag2Id>
  <parameterTag3Id>0</parameterTag3Id>
  <parameterTag4Id>0</parameterTag4Id>
  <parameterTag5Id>0</parameterTag5Id>
  <parameterTag6Id>0</parameterTag6Id>
  <customTextChecked>false</customTextChecked>
  <customText />
  <customText2Checked>false</customText2Checked>
  <customText2 />
  <customText3Checked>false</customText3Checked>
  <customText3 />
  <customText4Checked>false</customText4Checked>
  <customText4 />
  <preserveValues />
  <searchedTagId>-101</searchedTagId>
  <searchedPattern>^0*(\d*).*</searchedPattern>
  <searchedTag2Id>65</searchedTag2Id>
  <searchedPattern2 />
  <searchedTag3Id>65</searchedTag3Id>
  <searchedPattern3 />
  <searchedTag4Id>41</searchedTag4Id>
  <searchedPattern4 />
  <searchedTag5Id>41</searchedTag5Id>
  <searchedPattern5 />
  <replacedTagId>-101</replacedTagId>
  <replacedPattern>$1</replacedPattern>
  <replacedTag2Id>76</replacedTag2Id>
  <replacedPattern2 />
  <replacedTag3Id>76</replacedTag3Id>
  <replacedPattern3 />
  <replacedTag4Id>41</replacedTag4Id>
  <replacedPattern4 />
  <replacedTag5Id>41</replacedTag5Id>
  <replacedPattern5 />
  <append>false</append>
  <append2>false</append2>
  <append3>false</append3>
  <append4>false</append4>
  <append5>false</append5>
</Preset>