﻿<?xml version="1.0" encoding="utf-8"?>
<Preset xmlns:xsi="http://www.w3.org/2001/XMLSchema-instance" xmlns:xsd="http://www.w3.org/2001/XMLSchema">
  <modifiedUtc>2013-04-17T10:19:57.3670308Z</modifiedUtc>
  <userPreset>false</userPreset>
  <customizedByUser>false</customizedByUser>
  <guid>37492c3e-6e48-4954-8509-093e740d2c46</guid>
  <id />
  <hotkeyAssigned>false</hotkeyAssigned>
  <names>
    <string>de</string>
    <string>Lösche alle Wörter aus '&lt;Tag 1&gt;' wenn ihnen ein Gedankenstrich folgt</string>
    <string>en</string>
    <string>Remove all words from '&lt;Tag 1&gt;' if they are followed by dash</string>
    <string>fr</string>
    <string>Supprimer tous les mots de '&lt;Tag 1&gt;' qui sont suivis d'un tiret</string>
    <string>pl</string>
    <string>Usuń wszystkie słowa z '&lt;Taga 1&gt;' do myślnika (-)</string>
    <string>ru</string>
    <string>Удалить все слова из тега '&lt;Тег 1&gt;' до дефиса</string>
  </names>
  <descriptions>
    <string>de</string>
    <string>Der Befehl löscht alle Wörter aus '&lt;Tag 1&gt;', wenn ihnen ein Gedankenstrich folgt (z.B.: aus 'The Beatles - Come Together' wird 'Come Together'). </string>
    <string>en</string>
    <string>Preset will remove all words from '&lt;Tag 1&gt;' if they are followed by dash (for instance 'The Beatles - Come Together' will become 'Come Together'). </string>
    <string>fr</string>
    <string>La presete supprime de '&lt;Tag 1&gt;' tous les mots qui sont suivis d'un tiret (par exemple 'The Beatles - Come Together' deviendra 'Come Together'). </string>
    <string>pl</string>
    <string>Polecenie usuwa wszystkie słowa z '&lt;Taga 1&gt;' do myślnika (np. z 'The Beatles - Come Together' pozostanie 'Come Together').</string>
    <string>ru</string>
    <string>Шаблон удаляет все слова из тега '&lt;Тег 1&gt;' до дефиса (например, 'The Beatles - Come Together' будет заменено на 'Come Together'). </string>
  </descriptions>
  <ignoreCase>true</ignoreCase>
  <applyToPlayingTrack>false</applyToPlayingTrack>
  <condition>false</condition>
  <columnWeights>
    <float>165.177719</float>
    <float>22.4121742</float>
    <float>21.1965981</float>
    <float>7.930729</float>
    <float>20.96983</float>
    <float>1.20162547</float>
    <float>23.2421837</float>
    <float>1.26423728</float>
    <float>24.2792625</float>
    <float>10.4400835</float>
    <float>26.88551</float>
  </columnWeights>
  <isMSRPreset>false</isMSRPreset>
  <parameterTagType>1</parameterTagType>
  <parameterTag2Type>0</parameterTag2Type>
  <parameterTag3Type>0</parameterTag3Type>
  <parameterTag4Type>0</parameterTag4Type>
  <parameterTag5Type>0</parameterTag5Type>
  <parameterTag6Type>0</parameterTag6Type>
  <parameterTagId>65</parameterTagId>
  <parameterTag2Id>0</parameterTag2Id>
  <parameterTag3Id>0</parameterTag3Id>
  <parameterTag4Id>0</parameterTag4Id>
  <parameterTag5Id>0</parameterTag5Id>
  <parameterTag6Id>0</parameterTag6Id>
  <customTextChecked>false</customTextChecked>
  <customText />
  <customText2Checked>false</customText2Checked>
  <customText2 />
  <customText3Checked>false</customText3Checked>
  <customText3 />
  <customText4Checked>false</customText4Checked>
  <customText4 />
  <preserveValues />
  <searchedTagId>-101</searchedTagId>
  <searchedPattern>^.*?\s+-\s+</searchedPattern>
  <searchedTag2Id>65</searchedTag2Id>
  <searchedPattern2 />
  <searchedTag3Id>65</searchedTag3Id>
  <searchedPattern3 />
  <searchedTag4Id>41</searchedTag4Id>
  <searchedPattern4 />
  <searchedTag5Id>41</searchedTag5Id>
  <searchedPattern5 />
  <replacedTagId>-101</replacedTagId>
  <replacedPattern />
  <replacedTag2Id>76</replacedTag2Id>
  <replacedPattern2 />
  <replacedTag3Id>76</replacedTag3Id>
  <replacedPattern3 />
  <replacedTag4Id>41</replacedTag4Id>
  <replacedPattern4 />
  <replacedTag5Id>41</replacedTag5Id>
  <replacedPattern5 />
  <append>false</append>
  <append2>false</append2>
  <append3>false</append3>
  <append4>false</append4>
  <append5>false</append5>
</Preset>