﻿<?xml version="1.0" encoding="utf-8"?>
<Preset xmlns:xsi="http://www.w3.org/2001/XMLSchema-instance" xmlns:xsd="http://www.w3.org/2001/XMLSchema">
  <modifiedUtc>2018-02-06T10:56:40.8716687Z</modifiedUtc>
  <userPreset>false</userPreset>
  <customizedByUser>false</customizedByUser>
  <guid>0725bc43-b4fb-44e2-a95e-8a1ca6a388eb</guid>
  <id />
  <hotkeyAssigned>false</hotkeyAssigned>
  <names>
    <string>en</string>
    <string>Remove ', The' from the end of '&lt;Tag 1&gt;', &lt;Tag 2&gt;, &lt;Tag 3&gt;</string>
    <string>ru</string>
    <string>Удалить ', The' в конце тегов '&lt;Тег 1&gt;', '&lt;Тег 2&gt;', '&lt;Тег 3&gt;'</string>
  </names>
  <descriptions>
    <string>en</string>
    <string>Preset removes ', The' from the end of '&lt;Tag 1&gt;', &lt;Tag 2&gt;, &lt;Tag 3&gt; (for instance, 'Beatles, The' will become 'Beatles'). </string>
    <string>ru</string>
    <string>Пресет удаляет ', The' в конце тегов '&lt;Тег 1&gt;', '&lt;Тег 2&gt;', '&lt;Тег 3&gt;' (например, 'Beatles, The' будет заменено на 'Beatles'). </string>
  </descriptions>
  <ignoreCase>true</ignoreCase>
  <applyToPlayingTrack>false</applyToPlayingTrack>
  <condition>false</condition>
  <columnWeights>
    <float>155.588425</float>
    <float>21.11105</float>
    <float>19.9660435</float>
    <float>19.9680786</float>
    <float>19.953783</float>
    <float>24.27926</float>
    <float>1.26423752</float>
    <float>1.26423728</float>
    <float>24.2792625</float>
    <float>10.4400835</float>
    <float>26.88551</float>
  </columnWeights>
  <isMSRPreset>false</isMSRPreset>
  <parameterTagType>1</parameterTagType>
  <parameterTag2Type>1</parameterTag2Type>
  <parameterTag3Type>1</parameterTag3Type>
  <parameterTag4Type>0</parameterTag4Type>
  <parameterTag5Type>0</parameterTag5Type>
  <parameterTag6Type>0</parameterTag6Type>
  <parameterTagId>166</parameterTagId>
  <parameterTag2Id>163</parameterTag2Id>
  <parameterTag3Id>164</parameterTag3Id>
  <parameterTag4Id>0</parameterTag4Id>
  <parameterTag5Id>0</parameterTag5Id>
  <parameterTag6Id>0</parameterTag6Id>
  <customTextChecked>false</customTextChecked>
  <customText />
  <customText2Checked>false</customText2Checked>
  <customText2 />
  <customText3Checked>false</customText3Checked>
  <customText3 />
  <customText4Checked>false</customText4Checked>
  <customText4 />
  <preserveValues />
  <searchedTagId>-101</searchedTagId>
  <searchedPattern>^(.*), The</searchedPattern>
  <searchedTag2Id>-102</searchedTag2Id>
  <searchedPattern2>^(.*), The</searchedPattern2>
  <searchedTag3Id>-103</searchedTag3Id>
  <searchedPattern3>^(.*), The</searchedPattern3>
  <searchedTag4Id>-201</searchedTag4Id>
  <searchedPattern4 />
  <searchedTag5Id>-201</searchedTag5Id>
  <searchedPattern5 />
  <replacedTagId>-101</replacedTagId>
  <replacedPattern>$1</replacedPattern>
  <replacedTag2Id>-102</replacedTag2Id>
  <replacedPattern2>$1</replacedPattern2>
  <replacedTag3Id>-103</replacedTag3Id>
  <replacedPattern3>$1</replacedPattern3>
  <replacedTag4Id>-201</replacedTag4Id>
  <replacedPattern4 />
  <replacedTag5Id>-201</replacedTag5Id>
  <replacedPattern5 />
  <append>false</append>
  <append2>false</append2>
  <append3>false</append3>
  <append4>false</append4>
  <append5>false</append5>
</Preset>