﻿<?xml version="1.0" encoding="utf-8"?>
<Preset xmlns:xsi="http://www.w3.org/2001/XMLSchema-instance" xmlns:xsd="http://www.w3.org/2001/XMLSchema">
  <modifiedUtc>2018-04-20T12:45:35.4465414Z</modifiedUtc>
  <userPreset>false</userPreset>
  <customizedByUser>false</customizedByUser>
  <guid>6d6fa66a-1995-4a9d-b309-73ba423cb793</guid>
  <id />
  <hotkeyAssigned>false</hotkeyAssigned>
  <names>
    <string>de</string>
    <string>Lösche den letzten Eintrag von Mehrfach-Einträgen im Tag 'Künstler'</string>
    <string>en</string>
    <string>Remove last item from multi-item 'Artist'</string>
    <string>fr</string>
    <string>Supprimer le dernier élément des tags 'Artiste' avec plusieurs éléments</string>
    <string>pl</string>
    <string>Usuń ostatniego wykonawcę z taga 'Wykonawca'</string>
    <string>ru</string>
    <string>Удалить последнего исполнителя из тега 'Исполнитель'</string>
  </names>
  <descriptions>
    <string>de</string>
    <string>Der Befehl löscht den letzten Eintrag von Mehrfach-Einträgen im 'Künstler' Tag (z.B.: aus 'Künstler1; Künstler2; Künstler3' wird 'Künstler1; Künstler2'). </string>
    <string>en</string>
    <string>Preset removes last item from multi-item 'Artist' tag (e.g. 'Artist1; Artist2; Artist3' becomes 'Artist1; Artist2'). </string>
    <string>fr</string>
    <string>La presete supprime le dernier élément des tags 'Artiste' avec plusieurs éléments (ex: 'Artist1; Artist2; Artist3' devient 'Artist1; Artist2'). </string>
    <string>pl</string>
    <string>Polecenie usuwa ostatniego wykonawcę z taga 'Wykonawca' (np. z 'Wykonawca1; Wykonawca2; Wykonawca3' pozostanie 'Wykonawca1; Wykonawca2').</string>
    <string>ru</string>
    <string>Пресет удаляет последнего исполнителя из тега 'Исполнитель' (например, 'Artist1; Artist2; Artist3' будет заменено на 'Artist1; Artist2'). </string>
  </descriptions>
  <ignoreCase>true</ignoreCase>
  <applyToPlayingTrack>false</applyToPlayingTrack>
  <condition>false</condition>
  <columnWeights>
    <float>151.752731</float>
    <float>20.5906029</float>
    <float>19.4738216</float>
    <float>25</float>
    <float>25</float>
    <float>25</float>
    <float>25</float>
    <float>25</float>
    <float>25</float>
    <float>25</float>
    <float>25</float>
  </columnWeights>
  <isMSRPreset>false</isMSRPreset>
  <parameterTagType>0</parameterTagType>
  <parameterTag2Type>0</parameterTag2Type>
  <parameterTag3Type>0</parameterTag3Type>
  <parameterTag4Type>0</parameterTag4Type>
  <parameterTag5Type>0</parameterTag5Type>
  <parameterTag6Type>0</parameterTag6Type>
  <parameterTagId>0</parameterTagId>
  <parameterTag2Id>0</parameterTag2Id>
  <parameterTag3Id>0</parameterTag3Id>
  <parameterTag4Id>0</parameterTag4Id>
  <parameterTag5Id>0</parameterTag5Id>
  <parameterTag6Id>0</parameterTag6Id>
  <customTextChecked>false</customTextChecked>
  <customText />
  <customText2Checked>false</customText2Checked>
  <customText2 />
  <customText3Checked>false</customText3Checked>
  <customText3 />
  <customText4Checked>false</customText4Checked>
  <customText4 />
  <preserveValues />
  <searchedTagId>-2</searchedTagId>
  <searchedPattern>;\s*</searchedPattern>
  <searchedTag2Id>-2</searchedTag2Id>
  <searchedPattern2>\x00[^\x00]*\x00?$</searchedPattern2>
  <searchedTag3Id>-201</searchedTag3Id>
  <searchedPattern3 />
  <searchedTag4Id>-201</searchedTag4Id>
  <searchedPattern4 />
  <searchedTag5Id>-201</searchedTag5Id>
  <searchedPattern5 />
  <replacedTagId>-2</replacedTagId>
  <replacedPattern>\@null[[]]</replacedPattern>
  <replacedTag2Id>-2</replacedTag2Id>
  <replacedPattern2 />
  <replacedTag3Id>-201</replacedTag3Id>
  <replacedPattern3 />
  <replacedTag4Id>-201</replacedTag4Id>
  <replacedPattern4 />
  <replacedTag5Id>-201</replacedTag5Id>
  <replacedPattern5 />
  <append>false</append>
  <append2>false</append2>
  <append3>false</append3>
  <append4>false</append4>
  <append5>false</append5>
</Preset>