﻿<?xml version="1.0" encoding="utf-8"?>
<Preset xmlns:xsi="http://www.w3.org/2001/XMLSchema-instance" xmlns:xsd="http://www.w3.org/2001/XMLSchema">
  <modifiedUtc>2013-04-17T09:53:45.9501509Z</modifiedUtc>
  <userPreset>false</userPreset>
  <customizedByUser>false</customizedByUser>
  <guid>148cf6c9-db78-4c6a-a23e-2d5347e1c5a2</guid>
  <id />
  <hotkeyAssigned>false</hotkeyAssigned>
  <names>
    <string>de</string>
    <string>Lösche '(Jahr)' oder '[Jahr]' am Anfang von '&lt;Tag 1&gt;'</string>
    <string>en</string>
    <string>Remove '(year)' or '[year]' from the beginning of '&lt;Tag 1&gt;'</string>
    <string>fr</string>
    <string>Supprimer '(année)' ou '[année]' du début de '&lt;Tag 1&gt;'</string>
    <string>pl</string>
    <string>Usuń '(rok)' lub '[rok]' z początku '&lt;Taga 1&gt;'</string>
    <string>ru</string>
    <string>Удалить '(год)' или '[год]' в начале тега '&lt;Тег 1&gt;'</string>
  </names>
  <descriptions>
    <string>de</string>
    <string>Der Befehl löscht '(Jahr)' oder '[Jahr]' am Anfang von '&lt;Tag 1&gt;' (z.B.: aus '(2000) Album' oder '[2000] Album' wird 'Album'). </string>
    <string>en</string>
    <string>Preset removes '(year)' or '[year]' from the beginning of '&lt;Tag 1&gt;' (e.g. '(2000) Album' or '[2000] Album' becomes 'Album'). </string>
    <string>fr</string>
    <string>La presete supprime '(année)' ou '[année]' du début du '&lt;Tag 1&gt;' (ex: '(2000) Album' ou '[2000] Album' devient 'Album'). </string>
    <string>pl</string>
    <string>Polecenie usuwa '(rok)' lub '[rok]' z początku '&lt;Taga 1&gt;' (np. z '(2012) Album' lub '[2012] Album'
 pozostanie 'Album').</string>
    <string>ru</string>
    <string>Пресет удаляет '(год)' или '[год]' в начале тега '&lt;Тег 1&gt;' (например, '(2000) Album' или '[2000] Album' будет заменено на 'Album'). </string>
  </descriptions>
  <ignoreCase>true</ignoreCase>
  <applyToPlayingTrack>false</applyToPlayingTrack>
  <condition>false</condition>
  <columnWeights>
    <float>155.588425</float>
    <float>21.11105</float>
    <float>19.9660435</float>
    <float>19.9680786</float>
    <float>19.953783</float>
    <float>24.27926</float>
    <float>1.26423752</float>
    <float>1.26423728</float>
    <float>24.2792625</float>
    <float>10.4400835</float>
    <float>26.88551</float>
  </columnWeights>
  <isMSRPreset>false</isMSRPreset>
  <parameterTagType>1</parameterTagType>
  <parameterTag2Type>0</parameterTag2Type>
  <parameterTag3Type>0</parameterTag3Type>
  <parameterTag4Type>0</parameterTag4Type>
  <parameterTag5Type>0</parameterTag5Type>
  <parameterTag6Type>0</parameterTag6Type>
  <parameterTagId>30</parameterTagId>
  <parameterTag2Id>0</parameterTag2Id>
  <parameterTag3Id>0</parameterTag3Id>
  <parameterTag4Id>0</parameterTag4Id>
  <parameterTag5Id>0</parameterTag5Id>
  <parameterTag6Id>0</parameterTag6Id>
  <customTextChecked>false</customTextChecked>
  <customText />
  <customText2Checked>false</customText2Checked>
  <customText2 />
  <customText3Checked>false</customText3Checked>
  <customText3 />
  <customText4Checked>false</customText4Checked>
  <customText4 />
  <preserveValues />
  <searchedTagId>-101</searchedTagId>
  <searchedPattern>^[\(\[]\d{4}[\]\)]\s*</searchedPattern>
  <searchedTag2Id>30</searchedTag2Id>
  <searchedPattern2 />
  <searchedTag3Id>30</searchedTag3Id>
  <searchedPattern3 />
  <searchedTag4Id>-201</searchedTag4Id>
  <searchedPattern4 />
  <searchedTag5Id>-201</searchedTag5Id>
  <searchedPattern5 />
  <replacedTagId>-101</replacedTagId>
  <replacedPattern />
  <replacedTag2Id>30</replacedTag2Id>
  <replacedPattern2 />
  <replacedTag3Id>30</replacedTag3Id>
  <replacedPattern3 />
  <replacedTag4Id>-201</replacedTag4Id>
  <replacedPattern4 />
  <replacedTag5Id>-201</replacedTag5Id>
  <replacedPattern5 />
  <append>false</append>
  <append2>false</append2>
  <append3>false</append3>
  <append4>false</append4>
  <append5>false</append5>
</Preset>