﻿<?xml version="1.0" encoding="utf-8"?>
<Preset xmlns:xsi="http://www.w3.org/2001/XMLSchema-instance" xmlns:xsd="http://www.w3.org/2001/XMLSchema">
  <modifiedUtc>2013-07-16T16:18:04.2633402Z</modifiedUtc>
  <userPreset>false</userPreset>
  <customizedByUser>false</customizedByUser>
  <guid>65505734-1808-4d43-82e3-0bd8d6d18875</guid>
  <id />
  <hotkeyAssigned>false</hotkeyAssigned>
  <names>
    <string>de</string>
    <string>Lösche ' (Live)' oder ' [Live]' am Ende von '&lt;Tag 1&gt;'</string>
    <string>en</string>
    <string>Remove '(Live)' or ' [Live]' from the end of '&lt;Tag 1&gt;'</string>
    <string>fr</string>
    <string>Supprimer ' (Live)' ou ' [Live]' de la fin du '&lt;Tag 1&gt;'</string>
    <string>pl</string>
    <string>Usuń ' (Live)' lub ' [Live]' z końca '&lt;Taga 1&gt;'</string>
    <string>ru</string>
    <string>Удалить ' (Live)' or ' [Live]' в конце тега '&lt;Тег 1&gt;'</string>
  </names>
  <descriptions>
    <string>de</string>
    <string>Der Befehl löscht ' (Live)' oder ' [Live]' am Ende vom '&lt;Tag 1&gt;' (z.B.: aus 'Titel (Live)' oder 'Titel [Live]' wird 'Titel'). </string>
    <string>en</string>
    <string>Preset removes ' (Live)' or ' [Live]' from the end of '&lt;Tag 1&gt;' (e.g. 'Title (Live)' or 'Title [Live]' becomes 'Title'). </string>
    <string>fr</string>
    <string>La presete supprime ' (Live)' ou ' [Live]' de la fin du '&lt;Tag 1&gt;' (ex: 'Titre (Live)' ou 'Titre [Live]' devient 'Titre'). </string>
    <string>pl</string>
    <string>Polecenie usuwa ' (Live)' lub ' [Live]' z końca '&lt;Taga 1&gt;' (np. z 'Tytuł (Live)' lub 'Tytuł [Live]' pozostanie 'Tytuł').</string>
    <string>ru</string>
    <string>Пресет удаляет ' (Live)' or ' [Live]' в конце тега '&lt;Тег 1&gt;' (например, 'Title (Live)' или 'Title [Live]' будет заменено на 'Title'). </string>
  </descriptions>
  <ignoreCase>true</ignoreCase>
  <applyToPlayingTrack>false</applyToPlayingTrack>
  <condition>false</condition>
  <columnWeights>
    <float>156.433929</float>
    <float>21.225769</float>
    <float>20.0745411</float>
    <float>19.9680786</float>
    <float>18.8850651</float>
    <float>24.27926</float>
    <float>1.26423752</float>
    <float>1.26423728</float>
    <float>24.2792625</float>
    <float>10.4400835</float>
    <float>26.88551</float>
  </columnWeights>
  <isMSRPreset>false</isMSRPreset>
  <parameterTagType>1</parameterTagType>
  <parameterTag2Type>0</parameterTag2Type>
  <parameterTag3Type>0</parameterTag3Type>
  <parameterTag4Type>0</parameterTag4Type>
  <parameterTag5Type>0</parameterTag5Type>
  <parameterTag6Type>0</parameterTag6Type>
  <parameterTagId>65</parameterTagId>
  <parameterTag2Id>0</parameterTag2Id>
  <parameterTag3Id>0</parameterTag3Id>
  <parameterTag4Id>0</parameterTag4Id>
  <parameterTag5Id>0</parameterTag5Id>
  <parameterTag6Id>0</parameterTag6Id>
  <customTextChecked>false</customTextChecked>
  <customText />
  <customText2Checked>false</customText2Checked>
  <customText2 />
  <customText3Checked>false</customText3Checked>
  <customText3 />
  <customText4Checked>false</customText4Checked>
  <customText4 />
  <preserveValues />
  <searchedTagId>-101</searchedTagId>
  <searchedPattern>\s*[\(\[]Live[\)\]]$</searchedPattern>
  <searchedTag2Id>65</searchedTag2Id>
  <searchedPattern2 />
  <searchedTag3Id>65</searchedTag3Id>
  <searchedPattern3 />
  <searchedTag4Id>41</searchedTag4Id>
  <searchedPattern4 />
  <searchedTag5Id>41</searchedTag5Id>
  <searchedPattern5 />
  <replacedTagId>-101</replacedTagId>
  <replacedPattern />
  <replacedTag2Id>76</replacedTag2Id>
  <replacedPattern2 />
  <replacedTag3Id>76</replacedTag3Id>
  <replacedPattern3 />
  <replacedTag4Id>41</replacedTag4Id>
  <replacedPattern4 />
  <replacedTag5Id>41</replacedTag5Id>
  <replacedPattern5 />
  <append>false</append>
  <append2>false</append2>
  <append3>false</append3>
  <append4>false</append4>
  <append5>false</append5>
</Preset>