﻿<?xml version="1.0" encoding="utf-8"?>
<Preset xmlns:xsi="http://www.w3.org/2001/XMLSchema-instance" xmlns:xsd="http://www.w3.org/2001/XMLSchema">
  <modifiedUtc>2013-07-16T16:20:50.2898364Z</modifiedUtc>
  <userPreset>false</userPreset>
  <customizedByUser>false</customizedByUser>
  <guid>7d4e855c-9b10-4404-8a93-183194d2997f</guid>
  <id />
  <hotkeyAssigned>false</hotkeyAssigned>
  <names>
    <string>de</string>
    <string>Lösche die Disk-Nr. aus der Song-Nr.</string>
    <string>en</string>
    <string>Remove disk # from track #</string>
    <string>fr</string>
    <string>Supprimer disque# de piste#</string>
    <string>pl</string>
    <string>Usuń numer dysku z numeru utworu</string>
    <string>ru</string>
    <string>Удалить № диска из № дорожки</string>
  </names>
  <descriptions>
    <string>de</string>
    <string>Dieser Befehl ändert Song-Nummern, die im Format [Disk-Nr.]&lt;irgendein Nicht-Zahl-Zeichen&gt;[Song-Nr.] vorliegen (z.B.: aus '03-12' wird '12'). </string>
    <string>en</string>
    <string>This preset fixes track numbers written in [disk #]&lt;any non digit char&gt;[track #] format (e.g. '03-12' will be replaced with '12'). </string>
    <string>fr</string>
    <string>La presete répare les pistes avec des numéros de piste écris au format [disque#]&lt;caractère autre qu'un chiffre&gt;[piste#] (ex '03-12' sera remplacé par '12'). </string>
    <string>pl</string>
    <string>To polecenie naprawia numery utworów, zapisane w formacie [Nr dysku] &lt;jakikolwiek symbol inny niz cyfra&gt; [Nr utworu] - np. '03-12' zmieni się na: '12'.</string>
    <string>ru</string>
    <string>Пресет исправляет номера дорожек, записанные в формате [№ диска]&lt;любой не цифровой символ&gt;[№ дорожки] (например, '03-12' будет заменено на '12'). </string>
  </descriptions>
  <ignoreCase>true</ignoreCase>
  <applyToPlayingTrack>false</applyToPlayingTrack>
  <condition>false</condition>
  <columnWeights>
    <float>178.1508</float>
    <float>20.5967388</float>
    <float>15.8553286</float>
    <float>25</float>
    <float>25</float>
    <float>25</float>
    <float>25</float>
    <float>25</float>
    <float>25</float>
    <float>25</float>
    <float>25</float>
  </columnWeights>
  <isMSRPreset>false</isMSRPreset>
  <parameterTagType>0</parameterTagType>
  <parameterTag2Type>0</parameterTag2Type>
  <parameterTag3Type>0</parameterTag3Type>
  <parameterTag4Type>0</parameterTag4Type>
  <parameterTag5Type>0</parameterTag5Type>
  <parameterTag6Type>0</parameterTag6Type>
  <parameterTagId>0</parameterTagId>
  <parameterTag2Id>0</parameterTag2Id>
  <parameterTag3Id>0</parameterTag3Id>
  <parameterTag4Id>0</parameterTag4Id>
  <parameterTag5Id>0</parameterTag5Id>
  <parameterTag6Id>0</parameterTag6Id>
  <customTextChecked>false</customTextChecked>
  <customText />
  <customText2Checked>false</customText2Checked>
  <customText2 />
  <customText3Checked>false</customText3Checked>
  <customText3 />
  <customText4Checked>false</customText4Checked>
  <customText4 />
  <preserveValues />
  <searchedTagId>86</searchedTagId>
  <searchedPattern>^\d+\D(\d+)</searchedPattern>
  <searchedTag2Id>86</searchedTag2Id>
  <searchedPattern2 />
  <searchedTag3Id>86</searchedTag3Id>
  <searchedPattern3 />
  <searchedTag4Id>-201</searchedTag4Id>
  <searchedPattern4 />
  <searchedTag5Id>-201</searchedTag5Id>
  <searchedPattern5 />
  <replacedTagId>86</replacedTagId>
  <replacedPattern>$1</replacedPattern>
  <replacedTag2Id>86</replacedTag2Id>
  <replacedPattern2 />
  <replacedTag3Id>86</replacedTag3Id>
  <replacedPattern3 />
  <replacedTag4Id>-201</replacedTag4Id>
  <replacedPattern4 />
  <replacedTag5Id>-201</replacedTag5Id>
  <replacedPattern5 />
  <append>false</append>
  <append2>false</append2>
  <append3>false</append3>
  <append4>false</append4>
  <append5>false</append5>
</Preset>