﻿<?xml version="1.0" encoding="utf-8"?>
<Preset xmlns:xsi="http://www.w3.org/2001/XMLSchema-instance" xmlns:xsd="http://www.w3.org/2001/XMLSchema">
  <modifiedUtc>2016-06-23T14:07:43.4729276Z</modifiedUtc>
  <userPreset>false</userPreset>
  <customizedByUser>false</customizedByUser>
  <guid>f89634f0-a524-4b4e-810a-206b66670d2e</guid>
  <id />
  <hotkeyAssigned>false</hotkeyAssigned>
  <names>
    <string>en</string>
    <string>Remove last characters from &lt;Tag 1&gt; leaving not more than given number of characters</string>
    <string>ru</string>
    <string>Удалить последние символы из тега &lt;Тег 1&gt;, оставив не более определенного числа символов</string>
  </names>
  <descriptions>
    <string>en</string>
    <string>Preset removes last characters from &lt;Tag 1&gt; leaving not more than given (by &lt;Custom text 1&gt;) number of characters. </string>
    <string>ru</string>
    <string>Пресет удаляет последние символы из тега &lt;Тег 1&gt;, оставив не более определенного числа (заданного значением &lt;Свой текст 1&gt;) символов.  </string>
  </descriptions>
  <ignoreCase>true</ignoreCase>
  <applyToPlayingTrack>false</applyToPlayingTrack>
  <condition>false</condition>
  <columnWeights>
    <float>151.752731</float>
    <float>20.5906029</float>
    <float>19.4738216</float>
    <float>25</float>
    <float>25</float>
    <float>25</float>
    <float>25</float>
    <float>25</float>
    <float>25</float>
    <float>25</float>
    <float>25</float>
  </columnWeights>
  <isMSRPreset>false</isMSRPreset>
  <parameterTagType>1</parameterTagType>
  <parameterTag2Type>0</parameterTag2Type>
  <parameterTag3Type>0</parameterTag3Type>
  <parameterTag4Type>0</parameterTag4Type>
  <parameterTag5Type>0</parameterTag5Type>
  <parameterTag6Type>0</parameterTag6Type>
  <parameterTagId>86</parameterTagId>
  <parameterTag2Id>0</parameterTag2Id>
  <parameterTag3Id>0</parameterTag3Id>
  <parameterTag4Id>0</parameterTag4Id>
  <parameterTag5Id>0</parameterTag5Id>
  <parameterTag6Id>0</parameterTag6Id>
  <customTextChecked>true</customTextChecked>
  <customText>10</customText>
  <customText2Checked>false</customText2Checked>
  <customText2 />
  <customText3Checked>false</customText3Checked>
  <customText3 />
  <customText4Checked>false</customText4Checked>
  <customText4 />
  <preserveValues />
  <searchedTagId>-101</searchedTagId>
  <searchedPattern>^(.{1,\@1}).*$</searchedPattern>
  <searchedTag2Id>-101</searchedTag2Id>
  <searchedPattern2 />
  <searchedTag3Id>44</searchedTag3Id>
  <searchedPattern3 />
  <searchedTag4Id>41</searchedTag4Id>
  <searchedPattern4 />
  <searchedTag5Id>41</searchedTag5Id>
  <searchedPattern5 />
  <replacedTagId>-101</replacedTagId>
  <replacedPattern>$1</replacedPattern>
  <replacedTag2Id>-101</replacedTag2Id>
  <replacedPattern2 />
  <replacedTag3Id>44</replacedTag3Id>
  <replacedPattern3 />
  <replacedTag4Id>41</replacedTag4Id>
  <replacedPattern4 />
  <replacedTag5Id>41</replacedTag5Id>
  <replacedPattern5 />
  <append>false</append>
  <append2>false</append2>
  <append3>false</append3>
  <append4>false</append4>
  <append5>false</append5>
</Preset>