﻿<?xml version="1.0" encoding="utf-8"?>
<Preset xmlns:xsi="http://www.w3.org/2001/XMLSchema-instance" xmlns:xsd="http://www.w3.org/2001/XMLSchema">
  <modifiedUtc>2018-04-20T12:45:06.3857861Z</modifiedUtc>
  <userPreset>false</userPreset>
  <customizedByUser>false</customizedByUser>
  <guid>c1e3ca7b-32a3-4930-9558-140140dcdd51</guid>
  <id />
  <hotkeyAssigned>false</hotkeyAssigned>
  <names>
    <string>de</string>
    <string>Lösche ersten Eintrag aus Mehrfach-Eintrag-Tag 'Künstler'</string>
    <string>en</string>
    <string>Remove first item from multi-item 'Artist'</string>
    <string>fr</string>
    <string>Supprimer le premier élément des tags 'Artiste' avec plusieurs éléments</string>
    <string>pl</string>
    <string>Usuń pierwszego wykonawcę z taga 'Wykonawca'</string>
    <string>ru</string>
    <string>Удалить первого исполнителя из тега 'Исполнитель'</string>
  </names>
  <descriptions>
    <string>de</string>
    <string>Der Befehl löscht den ersten Eintrag aus dem Mehrfach-Eintrag-Tag 'Künstler' (z.B.: aus 'Künstler1; Künstler2; Künstler3' wird 'Künstler2; Künstler3'). </string>
    <string>en</string>
    <string>Preset removes first item from multi-item 'Artist' tag (e.g. 'Artist1; Artist2; Artist3' becomes 'Artist2; Artist3'). </string>
    <string>fr</string>
    <string>La presete supprime le premier élément des tags 'Artiste' avec plusieurs éléments (ex: 'Artist1; Artist2; Artist3' devient 'Artist2; Artist3'). </string>
    <string>pl</string>
    <string>Polecenie usuwa pierwszego wykonawcę z taga 'Wykonawca' (np. z 'Wykonawca1; Wykonawca2; Wykonawca3' pozostanie 'Wykonawca2; Wykonawca3').</string>
    <string>ru</string>
    <string>Пресет удаляет первого исполнителя из тега 'Исполнитель' (например, 'Artist1; Artist2; Artist3' будет заменено на 'Artist2; Artist3'). </string>
  </descriptions>
  <ignoreCase>true</ignoreCase>
  <applyToPlayingTrack>false</applyToPlayingTrack>
  <condition>false</condition>
  <columnWeights>
    <float>151.748184</float>
    <float>20.5899849</float>
    <float>19.47324</float>
    <float>20.0366287</float>
    <float>19.4796276</float>
    <float>8.615751</float>
    <float>22.1874542</float>
    <float>1.26423728</float>
    <float>24.2792625</float>
    <float>10.4400835</float>
    <float>26.88551</float>
  </columnWeights>
  <isMSRPreset>false</isMSRPreset>
  <parameterTagType>0</parameterTagType>
  <parameterTag2Type>0</parameterTag2Type>
  <parameterTag3Type>0</parameterTag3Type>
  <parameterTag4Type>0</parameterTag4Type>
  <parameterTag5Type>0</parameterTag5Type>
  <parameterTag6Type>0</parameterTag6Type>
  <parameterTagId>0</parameterTagId>
  <parameterTag2Id>0</parameterTag2Id>
  <parameterTag3Id>0</parameterTag3Id>
  <parameterTag4Id>0</parameterTag4Id>
  <parameterTag5Id>0</parameterTag5Id>
  <parameterTag6Id>0</parameterTag6Id>
  <customTextChecked>false</customTextChecked>
  <customText />
  <customText2Checked>false</customText2Checked>
  <customText2 />
  <customText3Checked>false</customText3Checked>
  <customText3 />
  <customText4Checked>false</customText4Checked>
  <customText4 />
  <preserveValues />
  <searchedTagId>-2</searchedTagId>
  <searchedPattern>;\s*</searchedPattern>
  <searchedTag2Id>-2</searchedTag2Id>
  <searchedPattern2>^[^\x00]*\x00(.+)</searchedPattern2>
  <searchedTag3Id>-201</searchedTag3Id>
  <searchedPattern3 />
  <searchedTag4Id>-201</searchedTag4Id>
  <searchedPattern4 />
  <searchedTag5Id>-201</searchedTag5Id>
  <searchedPattern5 />
  <replacedTagId>-2</replacedTagId>
  <replacedPattern>\@null[[]]</replacedPattern>
  <replacedTag2Id>-2</replacedTag2Id>
  <replacedPattern2>$1</replacedPattern2>
  <replacedTag3Id>-201</replacedTag3Id>
  <replacedPattern3 />
  <replacedTag4Id>-201</replacedTag4Id>
  <replacedPattern4 />
  <replacedTag5Id>-201</replacedTag5Id>
  <replacedPattern5 />
  <append>false</append>
  <append2>false</append2>
  <append3>false</append3>
  <append4>false</append4>
  <append5>false</append5>
</Preset>