﻿<?xml version="1.0" encoding="utf-8"?>
<Preset xmlns:xsi="http://www.w3.org/2001/XMLSchema-instance" xmlns:xsd="http://www.w3.org/2001/XMLSchema">
  <modifiedUtc>2018-03-22T13:02:08.8044382Z</modifiedUtc>
  <userPreset>false</userPreset>
  <customizedByUser>false</customizedByUser>
  <guid>56b792d1-4b5f-4127-8706-b06869994331</guid>
  <id />
  <hotkeyAssigned>false</hotkeyAssigned>
  <names>
    <string>de</string>
    <string>Ersetze das komplette Datum mit dem Jahr in '&lt;Tag 1&gt;'</string>
    <string>en</string>
    <string>Replace full date with year in '&lt;Tag 1&gt;'</string>
    <string>fr</string>
    <string>Remplacer les dates complètes par l'année dans '&lt;Tag 1&gt;'</string>
    <string>pl</string>
    <string>Zamień pełny zapis daty na roczny w '&lt;Tagu 1&gt;'</string>
    <string>ru</string>
    <string>Заменить полную дату годом в теге '&lt;Тег 1&gt;'</string>
  </names>
  <descriptions>
    <string>de</string>
    <string>Der Befehl ersetzt das komplette Datum mit dem Jahr im '&lt;Tag 1&gt;' (z.B.: '12.02.2011' wird ersetzt durch '2011'). </string>
    <string>en</string>
    <string>Preset replaces full date with year in the '&lt;Tag 1&gt;' (e.g. '02/12/2011' will be replaced with '2011'). </string>
    <string>fr</string>
    <string>La presete remplace la date complète par l'année dans '&lt;Tag 1&gt;' (ex: '12.02.2011' sera remplacé par '2011'). </string>
    <string>pl</string>
    <string>Polecenie zamienia pełny zapis daty na roczny w '&lt;Tagu 1&gt;' (np. '12.02.2011' zamieni na '2011').</string>
    <string>ru</string>
    <string>Пресет заменяет полную дату годом в теге '&lt;Тег 1&gt;' (например, '12.02.2011' будет заменено на '2011'). </string>
  </descriptions>
  <ignoreCase>true</ignoreCase>
  <applyToPlayingTrack>false</applyToPlayingTrack>
  <condition>false</condition>
  <columnWeights>
    <float>123.555069</float>
    <float>25</float>
    <float>25</float>
    <float>25</float>
    <float>25</float>
    <float>25</float>
    <float>25</float>
    <float>25</float>
    <float>25</float>
    <float>25</float>
    <float>25</float>
  </columnWeights>
  <isMSRPreset>false</isMSRPreset>
  <parameterTagType>1</parameterTagType>
  <parameterTag2Type>0</parameterTag2Type>
  <parameterTag3Type>0</parameterTag3Type>
  <parameterTag4Type>0</parameterTag4Type>
  <parameterTag5Type>0</parameterTag5Type>
  <parameterTag6Type>0</parameterTag6Type>
  <parameterTagId>88</parameterTagId>
  <parameterTag2Id>0</parameterTag2Id>
  <parameterTag3Id>0</parameterTag3Id>
  <parameterTag4Id>0</parameterTag4Id>
  <parameterTag5Id>0</parameterTag5Id>
  <parameterTag6Id>0</parameterTag6Id>
  <customTextChecked>false</customTextChecked>
  <customText />
  <customText2Checked>false</customText2Checked>
  <customText2 />
  <customText3Checked>false</customText3Checked>
  <customText3 />
  <customText4Checked>false</customText4Checked>
  <customText4 />
  <preserveValues />
  <searchedTagId>-101</searchedTagId>
  <searchedPattern>\d\d.\d\d.(\d\d\d\d)</searchedPattern>
  <searchedTag2Id>-101</searchedTag2Id>
  <searchedPattern2 />
  <searchedTag3Id>65</searchedTag3Id>
  <searchedPattern3 />
  <searchedTag4Id>41</searchedTag4Id>
  <searchedPattern4 />
  <searchedTag5Id>41</searchedTag5Id>
  <searchedPattern5 />
  <replacedTagId>-101</replacedTagId>
  <replacedPattern>$1</replacedPattern>
  <replacedTag2Id>-101</replacedTag2Id>
  <replacedPattern2 />
  <replacedTag3Id>76</replacedTag3Id>
  <replacedPattern3 />
  <replacedTag4Id>41</replacedTag4Id>
  <replacedPattern4 />
  <replacedTag5Id>41</replacedTag5Id>
  <replacedPattern5 />
  <append>false</append>
  <append2>false</append2>
  <append3>false</append3>
  <append4>false</append4>
  <append5>false</append5>
</Preset>