﻿<?xml version="1.0" encoding="utf-8"?>
<Preset xmlns:xsi="http://www.w3.org/2001/XMLSchema-instance" xmlns:xsd="http://www.w3.org/2001/XMLSchema">
  <modifiedUtc>2013-05-04T11:35:38.541837Z</modifiedUtc>
  <userPreset>false</userPreset>
  <customizedByUser>false</customizedByUser>
  <guid>30a13189-7eb4-4f3b-9b42-c1af79a22555</guid>
  <id />
  <hotkeyAssigned>false</hotkeyAssigned>
  <names>
    <string>de</string>
    <string>Ersetze sich wiederholende Leerzeichen durch 1 Leerzeichen in '&lt;Tag 1&gt;'</string>
    <string>en</string>
    <string>Replace repeating spaces with 1 space in '&lt;Tag 1&gt;'</string>
    <string>fr</string>
    <string>Remplacer les espaces répétés par un espace dans  '&lt;Tag 1&gt;'</string>
    <string>pl</string>
    <string>Zamień wszystkie wielokrotne spacje na 1 specję w '&lt;Tagu 1&gt;'</string>
    <string>ru</string>
    <string>Заменить повторяющиеся пробелы одним пробелом в теге '&lt;Тег 1&gt;'</string>
  </names>
  <descriptions>
    <string>de</string>
    <string>Der Befehl ersetzt jede Folge sich wiederholender Leerzeichen durch 1 Leerzeichen in '&lt;Tag 1&gt;' (z.B.: aus '12       Text' wird '12 Text'). </string>
    <string>en</string>
    <string>Preset replaces every sequence of repeating spaces with one space in the '&lt;Tag 1&gt;' (e.g. '12       text' will be replaced with '12 text'). </string>
    <string>fr</string>
    <string>La presete remplace chaque séquence d'espaces répétés par un espace dans '&lt;Tag 1&gt;' (ex '12       texte' sera remplacé par  '12 texte'). </string>
    <string>pl</string>
    <string>Polecenie zamienia wszystkie wielokrotne spacje na 1 specję w '&lt;Tagu 1&gt;' (np. '12       tekst' zamieni na '12 tekst'). </string>
    <string>ru</string>
    <string>Пресет заменяет все повторяющиеся пробелы одним пробелом в теге '&lt;Тег 1&gt;' (например, '12      текст' будет заменено на '12 текст'). </string>
  </descriptions>
  <ignoreCase>true</ignoreCase>
  <applyToPlayingTrack>false</applyToPlayingTrack>
  <condition>false</condition>
  <columnWeights>
    <float>123.555069</float>
    <float>16.7645969</float>
    <float>15.8553286</float>
    <float>25</float>
    <float>15.0629015</float>
    <float>25</float>
    <float>12.6903553</float>
    <float>25</float>
    <float>16.071743</float>
    <float>25</float>
    <float>25</float>
  </columnWeights>
  <isMSRPreset>false</isMSRPreset>
  <parameterTagType>1</parameterTagType>
  <parameterTag2Type>0</parameterTag2Type>
  <parameterTag3Type>0</parameterTag3Type>
  <parameterTag4Type>0</parameterTag4Type>
  <parameterTag5Type>0</parameterTag5Type>
  <parameterTag6Type>0</parameterTag6Type>
  <parameterTagId>65</parameterTagId>
  <parameterTag2Id>0</parameterTag2Id>
  <parameterTag3Id>0</parameterTag3Id>
  <parameterTag4Id>0</parameterTag4Id>
  <parameterTag5Id>0</parameterTag5Id>
  <parameterTag6Id>0</parameterTag6Id>
  <customTextChecked>false</customTextChecked>
  <customText />
  <customText2Checked>false</customText2Checked>
  <customText2 />
  <customText3Checked>false</customText3Checked>
  <customText3 />
  <customText4Checked>false</customText4Checked>
  <customText4 />
  <preserveValues />
  <searchedTagId>-101</searchedTagId>
  <searchedPattern>\s+</searchedPattern>
  <searchedTag2Id>65</searchedTag2Id>
  <searchedPattern2 />
  <searchedTag3Id>65</searchedTag3Id>
  <searchedPattern3 />
  <searchedTag4Id>41</searchedTag4Id>
  <searchedPattern4 />
  <searchedTag5Id>41</searchedTag5Id>
  <searchedPattern5 />
  <replacedTagId>-101</replacedTagId>
  <replacedPattern />
  <replacedTag2Id>76</replacedTag2Id>
  <replacedPattern2 />
  <replacedTag3Id>76</replacedTag3Id>
  <replacedPattern3 />
  <replacedTag4Id>41</replacedTag4Id>
  <replacedPattern4 />
  <replacedTag5Id>41</replacedTag5Id>
  <replacedPattern5 />
  <append>false</append>
  <append2>false</append2>
  <append3>false</append3>
  <append4>false</append4>
  <append5>false</append5>
</Preset>