﻿<?xml version="1.0" encoding="utf-8"?>
<Preset xmlns:xsi="http://www.w3.org/2001/XMLSchema-instance" xmlns:xsd="http://www.w3.org/2001/XMLSchema">
  <modifiedUtc>2013-05-04T13:19:17.3655139Z</modifiedUtc>
  <userPreset>false</userPreset>
  <customizedByUser>false</customizedByUser>
  <guid>c5e33eef-d768-46d7-aa4b-f8034678573e</guid>
  <id />
  <hotkeyAssigned>false</hotkeyAssigned>
  <names>
    <string>de</string>
    <string>Ersetze Unterstriche durch Leerschritte in '&lt;Tag 1&gt;'</string>
    <string>en</string>
    <string>Replace underlines with spaces in '&lt;Tag 1&gt;'</string>
    <string>fr</string>
    <string>Remplacer les tirets soulignés par des espaces dans le '&lt;Tag 1&gt;'</string>
    <string>pl</string>
    <string>Zamień podkreślenia na spacje w '&lt;Tagu 1&gt;'</string>
    <string>ru</string>
    <string>Заменить знаки подчеркивания пробелами в теге '&lt;Тег 1&gt;'</string>
  </names>
  <descriptions>
    <string>de</string>
    <string>Der Befehl ersetzt jedes Unterstrich-Zeichen durch einen Leerschritt im '&lt;Tag 1&gt;' (z.B.: ' Text1_Text2' wird ersetzt durch 'Text1 Text2'). </string>
    <string>en</string>
    <string>Preset replaces every underline char with space in the '&lt;Tag 1&gt;' (e.g. ' text1_text2' will be replaced with 'text1 text2'). </string>
    <string>fr</string>
    <string>La presete remplace chaque tiret souligné par un espace dans le '&lt;Tag 1&gt;' (ex: ' texte1_texte2' sera remplacé par 'texte1 texte2'). </string>
    <string>pl</string>
    <string>Polecenie zamienia każdy znak podkreślenia na spację w '&lt;Tagu 1&gt;' (np. ' tekst1_tekst2' zamieni na 'tekst1 tekst2'). </string>
    <string>ru</string>
    <string>Пресет заменяет все знаки подчеркивания пробелами в теге '&lt;Тег 1&gt;' (например, 'текст1_текст2' будет заменено на 'текст1 текст2'). </string>
  </descriptions>
  <ignoreCase>true</ignoreCase>
  <applyToPlayingTrack>false</applyToPlayingTrack>
  <condition>false</condition>
  <columnWeights>
    <float>123.555069</float>
    <float>16.7645969</float>
    <float>15.8553286</float>
    <float>25</float>
    <float>15.0629015</float>
    <float>25</float>
    <float>12.6903553</float>
    <float>25</float>
    <float>16.071743</float>
    <float>25</float>
    <float>25</float>
  </columnWeights>
  <isMSRPreset>false</isMSRPreset>
  <parameterTagType>1</parameterTagType>
  <parameterTag2Type>0</parameterTag2Type>
  <parameterTag3Type>0</parameterTag3Type>
  <parameterTag4Type>0</parameterTag4Type>
  <parameterTag5Type>0</parameterTag5Type>
  <parameterTag6Type>0</parameterTag6Type>
  <parameterTagId>65</parameterTagId>
  <parameterTag2Id>0</parameterTag2Id>
  <parameterTag3Id>0</parameterTag3Id>
  <parameterTag4Id>0</parameterTag4Id>
  <parameterTag5Id>0</parameterTag5Id>
  <parameterTag6Id>0</parameterTag6Id>
  <customTextChecked>false</customTextChecked>
  <customText />
  <customText2Checked>false</customText2Checked>
  <customText2 />
  <customText3Checked>false</customText3Checked>
  <customText3 />
  <customText4Checked>false</customText4Checked>
  <customText4 />
  <preserveValues />
  <searchedTagId>-101</searchedTagId>
  <searchedPattern>_</searchedPattern>
  <searchedTag2Id>65</searchedTag2Id>
  <searchedPattern2 />
  <searchedTag3Id>65</searchedTag3Id>
  <searchedPattern3 />
  <searchedTag4Id>41</searchedTag4Id>
  <searchedPattern4 />
  <searchedTag5Id>41</searchedTag5Id>
  <searchedPattern5 />
  <replacedTagId>-101</replacedTagId>
  <replacedPattern />
  <replacedTag2Id>76</replacedTag2Id>
  <replacedPattern2 />
  <replacedTag3Id>76</replacedTag3Id>
  <replacedPattern3 />
  <replacedTag4Id>41</replacedTag4Id>
  <replacedPattern4 />
  <replacedTag5Id>41</replacedTag5Id>
  <replacedPattern5 />
  <append>false</append>
  <append2>false</append2>
  <append3>false</append3>
  <append4>false</append4>
  <append5>false</append5>
</Preset>