﻿<?xml version="1.0" encoding="utf-8"?>
<Preset xmlns:xsi="http://www.w3.org/2001/XMLSchema-instance" xmlns:xsd="http://www.w3.org/2001/XMLSchema">
  <modifiedUtc>2013-07-16T15:38:17.3608172Z</modifiedUtc>
  <userPreset>false</userPreset>
  <customizedByUser>false</customizedByUser>
  <guid>51ba9d8b-c729-4846-beff-831732a6d03b</guid>
  <id />
  <hotkeyAssigned>false</hotkeyAssigned>
  <names>
    <string>de</string>
    <string>Ersetze Accents aigus und grave durch ein Hochkomma in '&lt;Tag 1&gt;'</string>
    <string>en</string>
    <string>Replace acute and grave accents with apostrophes in '&lt;Tag 1&gt;'</string>
    <string>fr</string>
    <string>Remplacer les accents grave et aigus par des apostrophes dans le '&lt;Tag 1&gt;'</string>
    <string>pl</string>
    <string>Zamień akcenty ( ´ ` ’ ‘ ) na apostrofy ( ' ) w &lt;Tagu 1&gt;</string>
    <string>ru</string>
    <string>Заменить акценты ( ´ ` ’ ‘ ) апострофами ( ' ) в теге '&lt;Тег 1&gt;'</string>
  </names>
  <descriptions>
    <string>de</string>
    <string>Der Befehl ersetzt Accents aigus und grave durch ein Hochkomma in '&lt;Tag 1&gt;' (z.B.: "Let´s" wird ersetzt durch "Let's", "I`m" durch "I'm", etc). </string>
    <string>en</string>
    <string>Preset replaces acute and grave accents with apostrophes in '&lt;Tag 1&gt;' (e.g. "Let´s" will be replaced with "Let's", "I`m" with "I'm", etc). </string>
    <string>fr</string>
    <string>La presete remplace les accents graves et aigus par des apostrophes dans le '&lt;Tag 1&gt;' (ex: "Let´s" sera remplacé par "Let's", "I`m" par "I'm", etc). </string>
    <string>pl</string>
    <string>Polecenie zamienia akcenty ( ´ ` ’ ‘ ) na apostrofy ( ' ) w &lt;Tagu 1&gt; (np. "Let´s" zamieni się na "Let's", "I`m" na "I'm", itd.).</string>
    <string>ru</string>
    <string>Пресет заменяет акценты ( ´ ` ’ ‘ ) апострофами ( ' ) в теге '&lt;Тег 1&gt;' (например, "Let´s" будет заменено на "Let's", "I`m" на "I'm", и т.д.). </string>
  </descriptions>
  <ignoreCase>true</ignoreCase>
  <applyToPlayingTrack>false</applyToPlayingTrack>
  <condition>false</condition>
  <columnWeights>
    <float>123.555069</float>
    <float>16.7645969</float>
    <float>15.8553286</float>
    <float>25</float>
    <float>15.0629015</float>
    <float>25</float>
    <float>12.6903553</float>
    <float>25</float>
    <float>16.071743</float>
    <float>25</float>
    <float>25</float>
  </columnWeights>
  <isMSRPreset>false</isMSRPreset>
  <parameterTagType>1</parameterTagType>
  <parameterTag2Type>0</parameterTag2Type>
  <parameterTag3Type>0</parameterTag3Type>
  <parameterTag4Type>0</parameterTag4Type>
  <parameterTag5Type>0</parameterTag5Type>
  <parameterTag6Type>0</parameterTag6Type>
  <parameterTagId>65</parameterTagId>
  <parameterTag2Id>0</parameterTag2Id>
  <parameterTag3Id>0</parameterTag3Id>
  <parameterTag4Id>0</parameterTag4Id>
  <parameterTag5Id>0</parameterTag5Id>
  <parameterTag6Id>0</parameterTag6Id>
  <customTextChecked>false</customTextChecked>
  <customText />
  <customText2Checked>false</customText2Checked>
  <customText2 />
  <customText3Checked>false</customText3Checked>
  <customText3 />
  <customText4Checked>false</customText4Checked>
  <customText4 />
  <preserveValues />
  <searchedTagId>-101</searchedTagId>
  <searchedPattern>[´`’‘]</searchedPattern>
  <searchedTag2Id>65</searchedTag2Id>
  <searchedPattern2 />
  <searchedTag3Id>65</searchedTag3Id>
  <searchedPattern3 />
  <searchedTag4Id>41</searchedTag4Id>
  <searchedPattern4 />
  <searchedTag5Id>41</searchedTag5Id>
  <searchedPattern5 />
  <replacedTagId>-101</replacedTagId>
  <replacedPattern>'</replacedPattern>
  <replacedTag2Id>76</replacedTag2Id>
  <replacedPattern2 />
  <replacedTag3Id>76</replacedTag3Id>
  <replacedPattern3 />
  <replacedTag4Id>41</replacedTag4Id>
  <replacedPattern4 />
  <replacedTag5Id>41</replacedTag5Id>
  <replacedPattern5 />
  <append>false</append>
  <append2>false</append2>
  <append3>false</append3>
  <append4>false</append4>
  <append5>false</append5>
</Preset>