﻿<?xml version="1.0" encoding="utf-8"?>
<Preset xmlns:xsi="http://www.w3.org/2001/XMLSchema-instance" xmlns:xsd="http://www.w3.org/2001/XMLSchema">
  <modifiedUtc>2016-09-04T16:05:24.767046Z</modifiedUtc>
  <userPreset>false</userPreset>
  <customizedByUser>false</customizedByUser>
  <guid>e2cc108a-901c-4045-96ac-4869643ea2ac</guid>
  <id />
  <hotkeyAssigned>false</hotkeyAssigned>
  <names>
    <string>de</string>
    <string>Ersetze '#/#' durch '#' in 'Song-Nr.'</string>
    <string>en</string>
    <string>Replace '#/#' with '#' in 'Track #'</string>
    <string>fr</string>
    <string>Remplacer '#/#' par '#' dans 'Piste#'</string>
    <string>pl</string>
    <string>Zamień 'Nr/Nr' na 'Nr' w tagu 'Nr utworu'</string>
    <string>ru</string>
    <string>Заменить '№/№' на '№' в теге '№ дорожки'</string>
  </names>
  <descriptions>
    <string>de</string>
    <string>Dieser Befehl ändert iTunes Song-Nr. ins [Song-Nr.]/[Song-Anzahl] Format (z.B.: '3/12' wird ersetzt durch '3'). </string>
    <string>en</string>
    <string>This preset fixes track numbers from iTunes in the [track number]/[tracks count] format (e.g. '3/12' will be replaced with '3'). </string>
    <string>fr</string>
    <string>Cette presete répare les numéros de piste d' iTunes au format [numéro de piste]/[nombre de pistes] (ex: '3/12' sera remplacé par '3'). </string>
    <string>pl</string>
    <string>Polecenie poprawia numery utworów z iTunes w formacie [Nr utworu]/[Liczba utworów] - np. '3/12' zamienia na '3'). </string>
    <string>ru</string>
    <string>Пресет исправляет номера дорожек, записанные iTunes в формате [№ дорожки]/[число дорожек] (например, '3/12' будет заменено на '3'). </string>
  </descriptions>
  <ignoreCase>true</ignoreCase>
  <applyToPlayingTrack>false</applyToPlayingTrack>
  <condition>false</condition>
  <columnWeights>
    <float>123.555069</float>
    <float>16.7645969</float>
    <float>15.8553286</float>
    <float>25</float>
    <float>25</float>
    <float>25</float>
    <float>25</float>
    <float>25</float>
    <float>25</float>
    <float>25</float>
    <float>25</float>
  </columnWeights>
  <isMSRPreset>false</isMSRPreset>
  <parameterTagType>0</parameterTagType>
  <parameterTag2Type>0</parameterTag2Type>
  <parameterTag3Type>0</parameterTag3Type>
  <parameterTag4Type>0</parameterTag4Type>
  <parameterTag5Type>0</parameterTag5Type>
  <parameterTag6Type>0</parameterTag6Type>
  <parameterTagId>0</parameterTagId>
  <parameterTag2Id>0</parameterTag2Id>
  <parameterTag3Id>0</parameterTag3Id>
  <parameterTag4Id>0</parameterTag4Id>
  <parameterTag5Id>0</parameterTag5Id>
  <parameterTag6Id>0</parameterTag6Id>
  <customTextChecked>false</customTextChecked>
  <customText />
  <customText2Checked>false</customText2Checked>
  <customText2 />
  <customText3Checked>false</customText3Checked>
  <customText3 />
  <customText4Checked>false</customText4Checked>
  <customText4 />
  <preserveValues />
  <searchedTagId>86</searchedTagId>
  <searchedPattern>^(\d+)/\d+$</searchedPattern>
  <searchedTag2Id>86</searchedTag2Id>
  <searchedPattern2 />
  <searchedTag3Id>86</searchedTag3Id>
  <searchedPattern3 />
  <searchedTag4Id>-201</searchedTag4Id>
  <searchedPattern4 />
  <searchedTag5Id>-201</searchedTag5Id>
  <searchedPattern5 />
  <replacedTagId>86</replacedTagId>
  <replacedPattern>$1</replacedPattern>
  <replacedTag2Id>86</replacedTag2Id>
  <replacedPattern2 />
  <replacedTag3Id>86</replacedTag3Id>
  <replacedPattern3 />
  <replacedTag4Id>-201</replacedTag4Id>
  <replacedPattern4 />
  <replacedTag5Id>-201</replacedTag5Id>
  <replacedPattern5 />
  <append>false</append>
  <append2>false</append2>
  <append3>false</append3>
  <append4>false</append4>
  <append5>false</append5>
</Preset>