﻿<?xml version="1.0" encoding="utf-8"?>
<Preset xmlns:xsi="http://www.w3.org/2001/XMLSchema-instance" xmlns:xsd="http://www.w3.org/2001/XMLSchema">
  <modifiedUtc>2013-07-16T15:40:47.1553849Z</modifiedUtc>
  <userPreset>false</userPreset>
  <customizedByUser>false</customizedByUser>
  <guid>c23769b2-15da-4b07-be2b-5caf8ba84e78</guid>
  <id />
  <hotkeyAssigned>false</hotkeyAssigned>
  <names>
    <string>de</string>
    <string>Ersetze alle '(...)' durch '[...]' am Ende von '&lt;Tag 1&gt;'</string>
    <string>en</string>
    <string>Replace all '(...)' with '[...]' only at the end of '&lt;Tag 1&gt;'</string>
    <string>fr</string>
    <string>Remplacer tous les '(...)' par '[...]' à la fin du tag '&lt;Tag 1&gt;' uniquement</string>
    <string>pl</string>
    <string>Zamień wszystkie nawiasy '(...)' na '[...]' tylko na końcu '&lt;Taga 1&gt;'</string>
    <string>ru</string>
    <string>Заменить '(...)' на '[...]' только в конце тега '&lt;Тег 1&gt;'</string>
  </names>
  <descriptions>
    <string>de</string>
    <string>Der Befehl ersetzt alle '(...)' durch '[...]' am Ende von '&lt;Tag 1&gt;' (z.B.: aus 'Titel (irgendein Text) (anderer Text)' wird 'Titel (irgendein Text) [anderer Text]'). </string>
    <string>en</string>
    <string>Preset replaces all '(...)' text with '[...]' only at the end of '&lt;Tag 1&gt;' (e.g. 'Title (any text) (another one)' becomes 'Title (any text) [another one]'). </string>
    <string>fr</string>
    <string>La presete remplace tous les textes '(...)' par '[...]' à la fin du tag '&lt;Tag 1&gt;' uniquement (ex: 'Titre (du texte) (un autre texte)' devient 'Titre (du texte) [un autre texte]'). </string>
    <string>pl</string>
    <string>Polecenie zamienia wszystkie nawiasy '(...)' na '[...]' tylko na końcu '&lt;Taga 1&gt;' (np. 'Tytuł (jakiś tekst) (inny tekst)' zamieni na 'Tytuł (jakiś tekst) [inny tekst]').</string>
    <string>ru</string>
    <string>Пресет заменяет '(...)' на '[...]' только в конце тега '&lt;Тег 1&gt;' (например, 'Название (любой текст) (еще текст)' будет заменено на 'Название (любой текст) [еще текст]'). </string>
  </descriptions>
  <ignoreCase>true</ignoreCase>
  <applyToPlayingTrack>false</applyToPlayingTrack>
  <condition>false</condition>
  <columnWeights>
    <float>123.555069</float>
    <float>16.7645969</float>
    <float>13.9400654</float>
    <float>25</float>
    <float>25</float>
    <float>25</float>
    <float>25</float>
    <float>25</float>
    <float>25</float>
    <float>25</float>
    <float>25</float>
  </columnWeights>
  <isMSRPreset>false</isMSRPreset>
  <parameterTagType>1</parameterTagType>
  <parameterTag2Type>0</parameterTag2Type>
  <parameterTag3Type>0</parameterTag3Type>
  <parameterTag4Type>0</parameterTag4Type>
  <parameterTag5Type>0</parameterTag5Type>
  <parameterTag6Type>0</parameterTag6Type>
  <parameterTagId>65</parameterTagId>
  <parameterTag2Id>0</parameterTag2Id>
  <parameterTag3Id>0</parameterTag3Id>
  <parameterTag4Id>0</parameterTag4Id>
  <parameterTag5Id>0</parameterTag5Id>
  <parameterTag6Id>0</parameterTag6Id>
  <customTextChecked>false</customTextChecked>
  <customText />
  <customText2Checked>false</customText2Checked>
  <customText2 />
  <customText3Checked>false</customText3Checked>
  <customText3 />
  <customText4Checked>false</customText4Checked>
  <customText4 />
  <preserveValues />
  <searchedTagId>-101</searchedTagId>
  <searchedPattern>\(([^\)]*)\)$</searchedPattern>
  <searchedTag2Id>65</searchedTag2Id>
  <searchedPattern2 />
  <searchedTag3Id>65</searchedTag3Id>
  <searchedPattern3 />
  <searchedTag4Id>41</searchedTag4Id>
  <searchedPattern4 />
  <searchedTag5Id>41</searchedTag5Id>
  <searchedPattern5 />
  <replacedTagId>-101</replacedTagId>
  <replacedPattern>[$1]</replacedPattern>
  <replacedTag2Id>76</replacedTag2Id>
  <replacedPattern2 />
  <replacedTag3Id>76</replacedTag3Id>
  <replacedPattern3 />
  <replacedTag4Id>41</replacedTag4Id>
  <replacedPattern4 />
  <replacedTag5Id>41</replacedTag5Id>
  <replacedPattern5 />
  <append>false</append>
  <append2>false</append2>
  <append3>false</append3>
  <append4>false</append4>
  <append5>false</append5>
</Preset>