﻿<?xml version="1.0" encoding="utf-8"?>
<Preset xmlns:xsi="http://www.w3.org/2001/XMLSchema-instance" xmlns:xsd="http://www.w3.org/2001/XMLSchema">
  <modifiedUtc>2013-07-16T15:44:04.3266625Z</modifiedUtc>
  <userPreset>false</userPreset>
  <customizedByUser>false</customizedByUser>
  <guid>b5dc9772-975b-4df2-857a-902c3a3d8d65</guid>
  <id />
  <hotkeyAssigned>false</hotkeyAssigned>
  <names>
    <string>de</string>
    <string>Ersetze &amp; ; pres. vs. durch &lt;Eigener Text&gt; in 'Angezeigter Künstler'</string>
    <string>en</string>
    <string>Replace &amp; ; pres. vs. with &lt;Custom text&gt; in 'Displayed artist'</string>
    <string>fr</string>
    <string>Remplacer &amp; ; pres. vs. par &lt;Texte personnalisé&gt; dans 'Artist affiché'</string>
    <string>pl</string>
    <string>Zamień '&amp; ; pres. vs.' na &lt;Własny tekst&gt; w &lt;Tagu 1&gt; - &lt;Wykonawca (wyświetlany)&gt;</string>
    <string>ru</string>
    <string>Заменить &amp; ; pres. vs. на '&lt;Свой текст&gt;' в теге '&lt;Тег 1&gt;'</string>
  </names>
  <descriptions>
    <string>de</string>
    <string>Der Befehl ersetzt &amp; ; pres. vs. im 'Angezeiger Künstler' Tag (z.B.: wenn &lt;Eigner Text&gt; '  feat. ' ist, dann wird aus 'Künstler1 &amp; Künstler2' ---&gt; 'Künstler1 feat. Künstler2'). Es kann Sinn machen, dieses Preset anzuklicken, um es automatisch anzuwenden. </string>
    <string>en</string>
    <string>Preset replaces &amp; ; pres. vs. in 'Displayed artist' tag (e.g. if &lt;Custom text&gt; is '  feat. ' then 'Artist1 &amp; Artist2' becomes 'Artist1 feat. Artist2').  It may make sense to tick this preset to automatically apply it. </string>
    <string>fr</string>
    <string>La presete remplace &amp; ; pres. vs. dans le tag 'Artiste affiché' (ex si le &lt;Texte personnalisé&gt; est '  feat. ' alors 'Artist1 &amp; Artist2' devient 'Artist1 feat. Artist2').  Il peut s'avérer utile de cocher ce préréglage pour qu'il soit appliqué automatiquement. </string>
    <string>pl</string>
    <string>Polecenie zamienia '&amp; ; pres. vs.' w &lt;Tagu 1&gt; - &lt;Wykonawca (wyświetlany)&gt; (np. jeśli &lt;Własny tekst&gt; to '  feat. ', wówczas 'Wykonawca1 &amp; Wykonawca2' zamieni się na 'Wykonawca1 feat. Wykonawca2').  To ustawienie można zaznaczyć do automatycznego stosowania.</string>
    <string>ru</string>
    <string>Пресет заменяет &amp; ; pres. vs. на '&lt;Свой текст&gt;' в теге '&lt;Тег 1&gt;' ((например, если  &lt;Свой текст&gt; - это ', ', то 'Artist1 &amp; Artist2' будет заменено на 'Artist1, Artist2').  Может быть полезным отметить этот пресет, чтобы он автоматически применялся. </string>
  </descriptions>
  <ignoreCase>true</ignoreCase>
  <applyToPlayingTrack>false</applyToPlayingTrack>
  <condition>false</condition>
  <columnWeights>
    <float>75</float>
    <float>25</float>
    <float>25</float>
    <float>25</float>
    <float>25</float>
    <float>25</float>
    <float>25</float>
    <float>25</float>
    <float>25</float>
    <float>25</float>
    <float>25</float>
  </columnWeights>
  <isMSRPreset>false</isMSRPreset>
  <parameterTagType>1</parameterTagType>
  <parameterTag2Type>0</parameterTag2Type>
  <parameterTag3Type>0</parameterTag3Type>
  <parameterTag4Type>0</parameterTag4Type>
  <parameterTag5Type>0</parameterTag5Type>
  <parameterTag6Type>0</parameterTag6Type>
  <parameterTagId>-1</parameterTagId>
  <parameterTag2Id>0</parameterTag2Id>
  <parameterTag3Id>0</parameterTag3Id>
  <parameterTag4Id>0</parameterTag4Id>
  <parameterTag5Id>0</parameterTag5Id>
  <parameterTag6Id>0</parameterTag6Id>
  <customTextChecked>true</customTextChecked>
  <customText> feat. </customText>
  <customText2Checked>false</customText2Checked>
  <customText2 />
  <customText3Checked>false</customText3Checked>
  <customText3 />
  <customText4Checked>false</customText4Checked>
  <customText4 />
  <preserveValues />
  <searchedTagId>-101</searchedTagId>
  <searchedPattern>\s*\&amp;*\s* |\s*;\s*|\s*'feat.\s*|\sfeaturing\s*|\s*pres\.\s*|\s*presents\s*|\s*vs\.\s*|\s*versus\s*</searchedPattern>
  <searchedTag2Id>-1</searchedTag2Id>
  <searchedPattern2 />
  <searchedTag3Id>-1</searchedTag3Id>
  <searchedPattern3 />
  <searchedTag4Id>41</searchedTag4Id>
  <searchedPattern4 />
  <searchedTag5Id>41</searchedTag5Id>
  <searchedPattern5 />
  <replacedTagId>-101</replacedTagId>
  <replacedPattern>\@1</replacedPattern>
  <replacedTag2Id>-1</replacedTag2Id>
  <replacedPattern2 />
  <replacedTag3Id>-1</replacedTag3Id>
  <replacedPattern3 />
  <replacedTag4Id>41</replacedTag4Id>
  <replacedPattern4 />
  <replacedTag5Id>41</replacedTag5Id>
  <replacedPattern5 />
  <append>false</append>
  <append2>false</append2>
  <append3>false</append3>
  <append4>false</append4>
  <append5>false</append5>
</Preset>