﻿<?xml version="1.0" encoding="utf-8"?>
<Preset xmlns:xsi="http://www.w3.org/2001/XMLSchema-instance" xmlns:xsd="http://www.w3.org/2001/XMLSchema">
  <modifiedUtc>2018-05-06T17:03:07.8897887Z</modifiedUtc>
  <userPreset>false</userPreset>
  <customizedByUser>false</customizedByUser>
  <guid>f5ca1fba-0b88-4705-b6f3-54939092f927</guid>
  <id />
  <hotkeyAssigned>false</hotkeyAssigned>
  <names>
    <string>en</string>
    <string>Sort performers by their roles</string>
    <string>ru</string>
    <string>Сортировать исполнителей по их роли</string>
  </names>
  <descriptions>
    <string>en</string>
    <string />
    <string>ru</string>
    <string />
  </descriptions>
  <ignoreCase>true</ignoreCase>
  <applyToPlayingTrack>false</applyToPlayingTrack>
  <condition>false</condition>
  <columnWeights>
    <float>147.164734</float>
    <float>25.2847519</float>
    <float>25.2847557</float>
    <float>19.9680786</float>
    <float>18.8850651</float>
    <float>24.27926</float>
    <float>1.26423752</float>
    <float>1.26423728</float>
    <float>24.2792625</float>
    <float>10.4400835</float>
    <float>26.88551</float>
  </columnWeights>
  <isMSRPreset>false</isMSRPreset>
  <parameterTagType>0</parameterTagType>
  <parameterTag2Type>0</parameterTag2Type>
  <parameterTag3Type>0</parameterTag3Type>
  <parameterTag4Type>0</parameterTag4Type>
  <parameterTag5Type>0</parameterTag5Type>
  <parameterTag6Type>0</parameterTag6Type>
  <parameterTagId>0</parameterTagId>
  <parameterTag2Id>0</parameterTag2Id>
  <parameterTag3Id>0</parameterTag3Id>
  <parameterTag4Id>0</parameterTag4Id>
  <parameterTag5Id>0</parameterTag5Id>
  <parameterTag6Id>0</parameterTag6Id>
  <customTextChecked>true</customTextChecked>
  <customText>soprano vocals; mezzo-soprano vocals; alto vocals; tenor vocals; baritone vocals; bass vocals; choir vocals; orchestra</customText>
  <customText2Checked>false</customText2Checked>
  <customText2 />
  <customText3Checked>false</customText3Checked>
  <customText3 />
  <customText4Checked>false</customText4Checked>
  <customText4 />
  <preserveValues />
  <searchedTagId>-2</searchedTagId>
  <searchedPattern>^(.*)</searchedPattern>
  <searchedTag2Id>-2</searchedTag2Id>
  <searchedPattern2 />
  <searchedTag3Id>-2</searchedTag3Id>
  <searchedPattern3 />
  <searchedTag4Id>-2</searchedTag4Id>
  <searchedPattern4 />
  <searchedTag5Id>-201</searchedTag5Id>
  <searchedPattern5 />
  <replacedTagId>-2</replacedTagId>
  <replacedPattern>\@sortperformers[[$1]]</replacedPattern>
  <replacedTag2Id>-2</replacedTag2Id>
  <replacedPattern2 />
  <replacedTag3Id>-2</replacedTag3Id>
  <replacedPattern3 />
  <replacedTag4Id>-2</replacedTag4Id>
  <replacedPattern4 />
  <replacedTag5Id>-201</replacedTag5Id>
  <replacedPattern5 />
  <append>false</append>
  <append2>false</append2>
  <append3>false</append3>
  <append4>false</append4>
  <append5>false</append5>
</Preset>