﻿<?xml version="1.0" encoding="utf-8"?>
<Preset xmlns:xsi="http://www.w3.org/2001/XMLSchema-instance" xmlns:xsd="http://www.w3.org/2001/XMLSchema">
  <modifiedUtc>2018-04-19T09:32:13.3384378Z</modifiedUtc>
  <userPreset>false</userPreset>
  <customizedByUser>false</customizedByUser>
  <guid>b05406fd-698a-4b20-be8d-5002e6e595f5</guid>
  <id />
  <hotkeyAssigned>false</hotkeyAssigned>
  <names>
    <string>de</string>
    <string>Teile '&lt;Tag 1&gt;' in Tags '&lt;Tag 2&gt;', '&lt;Tag 3&gt;', '&lt;Tag 4&gt;', '&lt;Tag 5&gt;'</string>
    <string>en</string>
    <string>Split '&lt;Tag 1&gt;' to tags '&lt;Tag 2&gt;', '&lt;Tag 3&gt;', '&lt;Tag 4&gt;', '&lt;Tag 5&gt;'</string>
    <string>pl</string>
    <string>Rozdziel '&lt;Tag 1&gt;' na tagi '&lt;Tag 2&gt;', '&lt;Tag 3&gt;', '&lt;Tag 4&gt;', '&lt;Tag 5&gt;'</string>
    <string>ru</string>
    <string>Разбить '&lt;Тег 1&gt;' на теги '&lt;Тег 2&gt;', '&lt;Тег 3&gt;', '&lt;Тег 4&gt;', '&lt;Тег 5&gt;'</string>
  </names>
  <descriptions>
    <string>de</string>
    <string>Teile '&lt;Tag 1&gt;' getrennt durch &lt;Eigener Text 1&gt;, &lt;Eigener Text 2&gt;, &lt;Eigener Text 3&gt; in Tags '&lt;Tag 2&gt;', '&lt;Tag 3&gt;', '&lt;Tag 4&gt;', '&lt;Tag 5&gt;'.</string>
    <string>en</string>
    <string>Split '&lt;Tag 1&gt;' separated by &lt;Custom text 1&gt;, &lt;Custom text 2&gt;, &lt;Custom text 3&gt; to tags '&lt;Tag 2&gt;', '&lt;Tag 3&gt;', '&lt;Tag 4&gt;', '&lt;Tag 5&gt;'.</string>
    <string>pl</string>
    <string>Rozdziel '&lt;Tag 1&gt;', oddzielony przez &lt;Własny tekst 1&gt;, &lt;Własny tekst 2&gt;, &lt;Własny tekst 3&gt;, na tagi: '&lt;Tag 2&gt;', '&lt;Tag 3&gt;','&lt;Tag 4&gt;','&lt;Tag 5&gt;'.</string>
    <string>ru</string>
    <string>Разбить '&lt;Тег 1&gt;', разделенный на части символами &lt;Свой текст 1&gt;, &lt;Свой текст 2&gt;, &lt;Свой текст 3&gt;, на теги '&lt;Тег 2&gt;', '&lt;Тег 3&gt;', '&lt;Тег 4&gt;', '&lt;Тег 5&gt;'.</string>
  </descriptions>
  <ignoreCase>true</ignoreCase>
  <applyToPlayingTrack>false</applyToPlayingTrack>
  <condition>false</condition>
  <columnWeights>
    <float>167.303986</float>
    <float>19.5693264</float>
    <float>18.5079365</float>
    <float>22.7006779</float>
    <float>22.700676</float>
    <float>7.49122334</float>
    <float>1.13503385</float>
    <float>1.13503385</float>
    <float>25.13747</float>
    <float>20.207304</float>
    <float>19.1113129</float>
  </columnWeights>
  <isMSRPreset>false</isMSRPreset>
  <parameterTagType>2</parameterTagType>
  <parameterTag2Type>1</parameterTag2Type>
  <parameterTag3Type>1</parameterTag3Type>
  <parameterTag4Type>1</parameterTag4Type>
  <parameterTag5Type>1</parameterTag5Type>
  <parameterTag6Type>0</parameterTag6Type>
  <parameterTagId>44</parameterTagId>
  <parameterTag2Id>-2</parameterTag2Id>
  <parameterTag3Id>30</parameterTag3Id>
  <parameterTag4Id>86</parameterTag4Id>
  <parameterTag5Id>65</parameterTag5Id>
  <parameterTag6Id>0</parameterTag6Id>
  <customTextChecked>true</customTextChecked>
  <customText>-</customText>
  <customText2Checked>true</customText2Checked>
  <customText2>-</customText2>
  <customText3Checked>true</customText3Checked>
  <customText3>-</customText3>
  <customText4Checked>false</customText4Checked>
  <customText4 />
  <preserveValues />
  <searchedTagId>-101</searchedTagId>
  <searchedPattern>^(.*?)\s*\@1\s*(.*?)\s*\@2\s*(.*?)\s*\@3\s*(.*)</searchedPattern>
  <searchedTag2Id>-101</searchedTag2Id>
  <searchedPattern2>^(.*?)\s*\@1\s*(.*?)\s*\@2\s*(.*?)\s*\@3\s*(.*)</searchedPattern2>
  <searchedTag3Id>-101</searchedTag3Id>
  <searchedPattern3>^(.*?)\s*\@1\s*(.*?)\s*\@2\s*(.*?)\s*\@3\s*(.*)</searchedPattern3>
  <searchedTag4Id>-101</searchedTag4Id>
  <searchedPattern4>^(.*?)\s*\@1\s*(.*?)\s*\@2\s*(.*?)\s*\@3\s*(.*)</searchedPattern4>
  <searchedTag5Id>-201</searchedTag5Id>
  <searchedPattern5 />
  <replacedTagId>-102</replacedTagId>
  <replacedPattern>$1</replacedPattern>
  <replacedTag2Id>-103</replacedTag2Id>
  <replacedPattern2>$2</replacedPattern2>
  <replacedTag3Id>-104</replacedTag3Id>
  <replacedPattern3>$3</replacedPattern3>
  <replacedTag4Id>-105</replacedTag4Id>
  <replacedPattern4>$4</replacedPattern4>
  <replacedTag5Id>-105</replacedTag5Id>
  <replacedPattern5 />
  <append>false</append>
  <append2>false</append2>
  <append3>false</append3>
  <append4>false</append4>
  <append5>false</append5>
</Preset>