﻿<?xml version="1.0" encoding="utf-8"?>
<Preset xmlns:xsi="http://www.w3.org/2001/XMLSchema-instance" xmlns:xsd="http://www.w3.org/2001/XMLSchema">
  <modifiedUtc>2013-05-04T13:19:51.1284451Z</modifiedUtc>
  <userPreset>false</userPreset>
  <customizedByUser>false</customizedByUser>
  <guid>79f98754-dc30-47d1-b38c-192c0fdc5605</guid>
  <id />
  <hotkeyAssigned>false</hotkeyAssigned>
  <names>
    <string>de</string>
    <string>Teile '&lt;Tag 1&gt;' in Tags '&lt;Tag 2&gt;', '&lt;Tag 3&gt;'</string>
    <string>en</string>
    <string>Split '&lt;Tag 1&gt;' to tags '&lt;Tag 2&gt;', '&lt;Tag 3&gt;'</string>
    <string>pl</string>
    <string>Rozdziel '&lt;Tag 1&gt;' na tagi '&lt;Tag 2&gt;', '&lt;Tag 3&gt;'</string>
    <string>ru</string>
    <string>Разбить '&lt;Тег 1&gt;' на теги '&lt;Тег 2&gt;', '&lt;Тег 3&gt;'</string>
  </names>
  <descriptions>
    <string>de</string>
    <string>Teile '&lt;Tag 1&gt;' getrennt durch &lt;Eigener Text 1&gt; in Tags '&lt;Tag 2&gt;', '&lt;Tag 3&gt;'.</string>
    <string>en</string>
    <string>Split '&lt;Tag 1&gt;' separated by &lt;Custom text 1&gt; to tags '&lt;Tag 2&gt;', '&lt;Tag 3&gt;'.</string>
    <string>pl</string>
    <string>Rozdziel '&lt;Tag 1&gt;', oddzielony przez &lt;Własny tekst 1&gt;, na tagi '&lt;Tag 2&gt;', '&lt;Tag 3&gt;'.</string>
    <string>ru</string>
    <string>Разбить '&lt;Тег 1&gt;', разделенный на части символами &lt;Свой текст 1&gt;, на теги '&lt;Тег 2&gt;', '&lt;Тег 3&gt;'.</string>
  </descriptions>
  <ignoreCase>true</ignoreCase>
  <applyToPlayingTrack>false</applyToPlayingTrack>
  <condition>false</condition>
  <columnWeights>
    <float>144.225922</float>
    <float>20.5967388</float>
    <float>15.8553286</float>
    <float>25</float>
    <float>25</float>
    <float>25</float>
    <float>25</float>
    <float>25</float>
    <float>25</float>
    <float>25</float>
    <float>25</float>
  </columnWeights>
  <isMSRPreset>false</isMSRPreset>
  <parameterTagType>2</parameterTagType>
  <parameterTag2Type>1</parameterTag2Type>
  <parameterTag3Type>1</parameterTag3Type>
  <parameterTag4Type>0</parameterTag4Type>
  <parameterTag5Type>0</parameterTag5Type>
  <parameterTag6Type>0</parameterTag6Type>
  <parameterTagId>44</parameterTagId>
  <parameterTag2Id>-2</parameterTag2Id>
  <parameterTag3Id>30</parameterTag3Id>
  <parameterTag4Id>0</parameterTag4Id>
  <parameterTag5Id>0</parameterTag5Id>
  <parameterTag6Id>0</parameterTag6Id>
  <customTextChecked>true</customTextChecked>
  <customText>-</customText>
  <customText2Checked>false</customText2Checked>
  <customText2 />
  <customText3Checked>false</customText3Checked>
  <customText3 />
  <customText4Checked>false</customText4Checked>
  <customText4 />
  <preserveValues />
  <searchedTagId>-101</searchedTagId>
  <searchedPattern>^(.*)</searchedPattern>
  <searchedTag2Id>-201</searchedTag2Id>
  <searchedPattern2>^(.*?)\s*\@1\s*(.*)</searchedPattern2>
  <searchedTag3Id>-201</searchedTag3Id>
  <searchedPattern3>^(.*?)\s*\@1\s*(.*)</searchedPattern3>
  <searchedTag4Id>41</searchedTag4Id>
  <searchedPattern4 />
  <searchedTag5Id>41</searchedTag5Id>
  <searchedPattern5 />
  <replacedTagId>-201</replacedTagId>
  <replacedPattern>$1</replacedPattern>
  <replacedTag2Id>-102</replacedTag2Id>
  <replacedPattern2>$1</replacedPattern2>
  <replacedTag3Id>-103</replacedTag3Id>
  <replacedPattern3>$2</replacedPattern3>
  <replacedTag4Id>41</replacedTag4Id>
  <replacedPattern4 />
  <replacedTag5Id>41</replacedTag5Id>
  <replacedPattern5 />
  <append>false</append>
  <append2>false</append2>
  <append3>false</append3>
  <append4>false</append4>
  <append5>false</append5>
</Preset>