﻿<?xml version="1.0" encoding="utf-8"?>
<Preset xmlns:xsi="http://www.w3.org/2001/XMLSchema-instance" xmlns:xsd="http://www.w3.org/2001/XMLSchema">
  <modifiedUtc>2013-05-04T13:20:19.0900444Z</modifiedUtc>
  <userPreset>false</userPreset>
  <customizedByUser>false</customizedByUser>
  <guid>f4e0257e-143d-47d9-9975-f2ca22e0c964</guid>
  <id />
  <hotkeyAssigned>false</hotkeyAssigned>
  <names>
    <string>de</string>
    <string>Tausche zwei Teile in Tag &lt;Tag 1&gt; getrennt durch &lt;Eigener Text 1&gt;</string>
    <string>en</string>
    <string>Swap two parts of tag &lt;Tag 1&gt; separated by &lt;Custom text 1&gt;</string>
    <string>pl</string>
    <string>Zamień dwie części &lt;Taga 1&gt; oddzielone przez &lt;Własny tekst 1&gt;</string>
    <string>ru</string>
    <string>Поменять местами две части тега &lt;Тег 1&gt;, разделенные текстом &lt;Свой текст 1&gt;</string>
  </names>
  <descriptions>
    <string>de</string>
    <string>Tausche zwei Teile in Tag &lt;Tag 1&gt;, die durch &lt;Eigener Text 1&gt; getrennt sind, indem &lt;Eigener Text 1&gt; gelöscht wird und &lt;Eigener Text 2&gt; zwischen diese Teile eingefügt wird.</string>
    <string>en</string>
    <string>Swap two parts of tag &lt;Tag 1&gt; separated by &lt;Custom text 1&gt; removing &lt;Custom text 1&gt; and add &lt;Custom text 2&gt; between these parts.</string>
    <string>pl</string>
    <string>Zamień dwie części &lt;Taga 1&gt; oddzielone przez &lt;Własny tekst 1&gt;, usuwając &lt;Własny tekst 1&gt; i dodając &lt;Własny tekst 2&gt; pomiędzy tymi częściami.</string>
    <string>ru</string>
    <string>Поменять местами две части тега &lt;Тег 1&gt;, разделенные текстом &lt;Свой текст 1&gt;, удалив &lt;Свой текст 1&gt; и добавив между ними &lt;Свой текст 2&gt;.</string>
  </descriptions>
  <ignoreCase>true</ignoreCase>
  <applyToPlayingTrack>false</applyToPlayingTrack>
  <condition>false</condition>
  <columnWeights>
    <float>144.407562</float>
    <float>19.59397</float>
    <float>15.8553286</float>
    <float>25</float>
    <float>25</float>
    <float>25</float>
    <float>25</float>
    <float>25</float>
    <float>25</float>
    <float>25</float>
    <float>25</float>
  </columnWeights>
  <isMSRPreset>false</isMSRPreset>
  <parameterTagType>1</parameterTagType>
  <parameterTag2Type>0</parameterTag2Type>
  <parameterTag3Type>0</parameterTag3Type>
  <parameterTag4Type>0</parameterTag4Type>
  <parameterTag5Type>0</parameterTag5Type>
  <parameterTag6Type>0</parameterTag6Type>
  <parameterTagId>65</parameterTagId>
  <parameterTag2Id>0</parameterTag2Id>
  <parameterTag3Id>0</parameterTag3Id>
  <parameterTag4Id>0</parameterTag4Id>
  <parameterTag5Id>0</parameterTag5Id>
  <parameterTag6Id>0</parameterTag6Id>
  <customTextChecked>true</customTextChecked>
  <customText>-</customText>
  <customText2Checked>true</customText2Checked>
  <customText2>, </customText2>
  <customText3Checked>false</customText3Checked>
  <customText3 />
  <customText4Checked>false</customText4Checked>
  <customText4 />
  <preserveValues />
  <searchedTagId>-101</searchedTagId>
  <searchedPattern>^(.*?)\s*\@1\s*(.*)</searchedPattern>
  <searchedTag2Id>41</searchedTag2Id>
  <searchedPattern2 />
  <searchedTag3Id>41</searchedTag3Id>
  <searchedPattern3 />
  <searchedTag4Id>41</searchedTag4Id>
  <searchedPattern4 />
  <searchedTag5Id>41</searchedTag5Id>
  <searchedPattern5 />
  <replacedTagId>-101</replacedTagId>
  <replacedPattern>$2\@2$1</replacedPattern>
  <replacedTag2Id>41</replacedTag2Id>
  <replacedPattern2 />
  <replacedTag3Id>41</replacedTag3Id>
  <replacedPattern3 />
  <replacedTag4Id>41</replacedTag4Id>
  <replacedPattern4 />
  <replacedTag5Id>41</replacedTag5Id>
  <replacedPattern5 />
  <append>false</append>
  <append2>false</append2>
  <append3>false</append3>
  <append4>false</append4>
  <append5>false</append5>
</Preset>