﻿<?xml version="1.0" encoding="utf-8"?>
<Preset xmlns:xsi="http://www.w3.org/2001/XMLSchema-instance" xmlns:xsd="http://www.w3.org/2001/XMLSchema">
  <modifiedUtc>2013-07-16T16:16:36.5323223Z</modifiedUtc>
  <userPreset>false</userPreset>
  <customizedByUser>false</customizedByUser>
  <guid>ab0672c4-1a77-4d36-ad46-db5829cd9ec8</guid>
  <id />
  <hotkeyAssigned>false</hotkeyAssigned>
  <names>
    <string>de</string>
    <string>Tausche Vor- und Nachnamen des Künstlers und lösche &lt;Eigener Text&gt; - 2</string>
    <string>en</string>
    <string>Swap first and last name of artist and remove &lt;Custom text&gt; - 2</string>
    <string>fr</string>
    <string>Permuter le nom et le prénom de l'artiste et supprimer le &lt;Texte personnalisé&gt; - 2</string>
    <string>pl</string>
    <string>Zamień imię z nazwiskiem wykonawcy, usuwając &lt;Własny tekst&gt; - 2</string>
    <string>ru</string>
    <string>Поменять местами имя и фамилию исполнителя, убирая &lt;Свой текст&gt; - 2</string>
  </names>
  <descriptions>
    <string>de</string>
    <string>Der Befehl bewegt alle Wörter nach dem LETZTEN Vorkommen von &lt;Eigener Text&gt; im 'Künstler' Tag an den Anfang des Tags, und löscht &lt;Eigener Text&gt;. Wenn der Tag nur zwei Wörter enthält, dann tauscht der Befehl diese zwei Wörter (z.B.: wenn &lt;Eigener Text&gt; ',' ist, dann wird aus 'Brel, Jacques' ---&gt; 'Jacques Brel'). Der Befehl unterstützt Mehrfach-Künstler im Tag 'Künstler'. </string>
    <string>en</string>
    <string>Preset moves all words after LAST occurence of &lt;Custom text&gt; in the 'Artist' tag to the BEGINNING of tag, removing &lt;Custom text&gt;. If tag contains only two words then preset will swap these two words (for instance,  if &lt;Custom text&gt; is ',' then 'Brel, Jacques' will become 'Jacques Brel'). Preset supports for multiple artists in tag 'Artist'. </string>
    <string>fr</string>
    <string>La presete déplace tous les mots après la dernière occurence du &lt;Texte personnalisé&gt; dans le tag 'Artiste' au début du tag, et supprime le &lt;Texte personnalisé&gt;. Si le tag ne contient que deux mots alors la presete les permutera (par exemple, si le &lt;Texte personnalisé&gt; est ',' alors 'Brel, Jacques' deviendra 'Jacques Brel'. La presete prend en charge les tags 'Artiste' avec de multiples artistes. </string>
    <string>pl</string>
    <string>Polecenie przenosi wszystkie słowa po OSTATNIM wystąpieniu &lt;Własnego tekstu&gt; w tagu 'Wykonawca' na POCZĄTEK tego taga i usuwa &lt;Własny tekst&gt;. Jeśli tag zawiera tylko dwa słowa, wówczas polecenie przestawi te dwa słowa (np. jeśli &lt;Własny tekst&gt; to &lt;, &gt;, wówczas 'Brel, Jacques' zamieni na 'Jacques Brel'). Polecenie wspiera wielu artystów w tagu 'Wykonawca'. </string>
    <string>ru</string>
    <string>Пресет перемещает все слова после ПОСЛЕДНЕГО вхождения текста &lt;Свой текст&gt; в теге 'Исполнитель' в НАЧАЛО тега, убирая перед ними &lt;Свой текст&gt;. Если тег состоит только из двух слов, то пресет меняет их местами (например,  если &lt;Свой текст&gt; - это ',', то 'Brel, Jacques' будет заменено на 'Jacques Brel'). Пресет корректно работает, если в теге 'Исполнитель' указано несколько исполнителей. </string>
  </descriptions>
  <ignoreCase>true</ignoreCase>
  <applyToPlayingTrack>false</applyToPlayingTrack>
  <condition>false</condition>
  <columnWeights>
    <float>144.1104</float>
    <float>19.553648</float>
    <float>18.6391373</float>
    <float>8.425408</float>
    <float>21.697279</float>
    <float>18.18722</float>
    <float>18.4931126</float>
    <float>18.7973347</float>
    <float>17.77782</float>
    <float>20.207304</float>
    <float>19.1113129</float>
  </columnWeights>
  <isMSRPreset>false</isMSRPreset>
  <parameterTagType>1</parameterTagType>
  <parameterTag2Type>0</parameterTag2Type>
  <parameterTag3Type>0</parameterTag3Type>
  <parameterTag4Type>0</parameterTag4Type>
  <parameterTag5Type>0</parameterTag5Type>
  <parameterTag6Type>0</parameterTag6Type>
  <parameterTagId>-2</parameterTagId>
  <parameterTag2Id>0</parameterTag2Id>
  <parameterTag3Id>0</parameterTag3Id>
  <parameterTag4Id>0</parameterTag4Id>
  <parameterTag5Id>0</parameterTag5Id>
  <parameterTag6Id>0</parameterTag6Id>
  <customTextChecked>true</customTextChecked>
  <customText>,</customText>
  <customText2Checked>false</customText2Checked>
  <customText2 />
  <customText3Checked>false</customText3Checked>
  <customText3 />
  <customText4Checked>false</customText4Checked>
  <customText4 />
  <preserveValues />
  <searchedTagId>-101</searchedTagId>
  <searchedPattern>;\s+</searchedPattern>
  <searchedTag2Id>-101</searchedTag2Id>
  <searchedPattern2>([\x01\x02\x04]?)([^\x00;]*)\@1([^\x00;]*)([\x00;]?)</searchedPattern2>
  <searchedTag3Id>-101</searchedTag3Id>
  <searchedPattern3>;</searchedPattern3>
  <searchedTag4Id>41</searchedTag4Id>
  <searchedPattern4 />
  <searchedTag5Id>41</searchedTag5Id>
  <searchedPattern5 />
  <replacedTagId>-101</replacedTagId>
  <replacedPattern>;</replacedPattern>
  <replacedTag2Id>-101</replacedTag2Id>
  <replacedPattern2>$1$3 $2$4</replacedPattern2>
  <replacedTag3Id>-101</replacedTag3Id>
  <replacedPattern3>; </replacedPattern3>
  <replacedTag4Id>41</replacedTag4Id>
  <replacedPattern4 />
  <replacedTag5Id>41</replacedTag5Id>
  <replacedPattern5 />
  <append>false</append>
  <append2>false</append2>
  <append3>false</append3>
  <append4>false</append4>
  <append5>false</append5>
</Preset>