﻿<?xml version="1.0" encoding="utf-8"?>
<Preset xmlns:xsi="http://www.w3.org/2001/XMLSchema-instance" xmlns:xsd="http://www.w3.org/2001/XMLSchema">
  <modifiedUtc>2013-05-04T13:20:12.6046734Z</modifiedUtc>
  <userPreset>false</userPreset>
  <customizedByUser>false</customizedByUser>
  <guid>f8bbceb6-4476-4cbb-814c-25eb40c9ed73</guid>
  <id />
  <hotkeyAssigned>false</hotkeyAssigned>
  <names>
    <string>de</string>
    <string>Tausche Text getrennt durch &lt;Eigener Text&gt; in '&lt;Tag 1&gt;'</string>
    <string>en</string>
    <string>Swap text separated by &lt;Custom text&gt; in '&lt;Tag 1&gt;'</string>
    <string>fr</string>
    <string>Permuter le texte séparé par le &lt;Texte personnalisé&gt; dans '&lt;Tag 1&gt;'</string>
    <string>pl</string>
    <string>Zamień tekst oddzielony przez &lt;Własny tekst 1&gt; w '&lt;Tagu 1&gt;'</string>
    <string>ru</string>
    <string>Поменять местами части текста, разделенные символами &lt;Свой текст&gt; в теге '&lt;Тег 1&gt;'</string>
  </names>
  <descriptions>
    <string>de</string>
    <string>Der Befehl tauscht Text getrennt durch &lt;Eigener Text&gt;  in '&lt;Tag 1&gt;' (z.B.: wenn &lt;Eigener Text&gt; '-' ist, dann wird aus 'The Beatles - Let It Be' ---&gt; 'Let It Be - The Beatles'). </string>
    <string>en</string>
    <string>Preset swaps text separated by &lt;Custom text&gt;  in '&lt;Tag 1&gt;' (e.g. if &lt;Custom text&gt; is '-' then 'The Beatles - Let It Be' becomes 'Let It Be - The Beatles'). </string>
    <string>fr</string>
    <string>La presete permute le texte séparé par &lt;Texte personnalisé&gt; dans '&lt;Tag 1&gt;' (ex: si le &lt;Texte personnalisé&gt; est '-' alors 'The Beatles - Let It Be' devient 'Let It Be - The Beatles'). </string>
    <string>pl</string>
    <string>Polecenie zamienia tekst oddzielony przez &lt;Własny tekst 1&gt; w '&lt;Tagu 1&gt;' (np. jeśli &lt;Własny tekst 1&gt; to '-', wówczas 'The Beatles - Let It Be' zamieni na 'Let It Be - The Beatles').</string>
    <string>ru</string>
    <string>Пресет меняет местами части текста, разделенные символами &lt;Свой текст&gt; в теге '&lt;Тег 1&gt;' (например, если  &lt;Свой текст&gt; - это ' - ', то 'The Beatles - Let It Be' будет заменено на 'Let It Be - The Beatles'). </string>
  </descriptions>
  <ignoreCase>true</ignoreCase>
  <applyToPlayingTrack>false</applyToPlayingTrack>
  <condition>false</condition>
  <columnWeights>
    <float>145.248322</float>
    <float>19.59397</float>
    <float>15.8553286</float>
    <float>25</float>
    <float>25</float>
    <float>25</float>
    <float>25</float>
    <float>25</float>
    <float>25</float>
    <float>25</float>
    <float>25</float>
  </columnWeights>
  <isMSRPreset>false</isMSRPreset>
  <parameterTagType>1</parameterTagType>
  <parameterTag2Type>0</parameterTag2Type>
  <parameterTag3Type>0</parameterTag3Type>
  <parameterTag4Type>0</parameterTag4Type>
  <parameterTag5Type>0</parameterTag5Type>
  <parameterTag6Type>0</parameterTag6Type>
  <parameterTagId>65</parameterTagId>
  <parameterTag2Id>0</parameterTag2Id>
  <parameterTag3Id>0</parameterTag3Id>
  <parameterTag4Id>0</parameterTag4Id>
  <parameterTag5Id>0</parameterTag5Id>
  <parameterTag6Id>0</parameterTag6Id>
  <customTextChecked>true</customTextChecked>
  <customText>-</customText>
  <customText2Checked>false</customText2Checked>
  <customText2 />
  <customText3Checked>false</customText3Checked>
  <customText3 />
  <customText4Checked>false</customText4Checked>
  <customText4 />
  <preserveValues />
  <searchedTagId>-101</searchedTagId>
  <searchedPattern>^(.*?)(\s+\@1\s+)(.*)</searchedPattern>
  <searchedTag2Id>65</searchedTag2Id>
  <searchedPattern2 />
  <searchedTag3Id>65</searchedTag3Id>
  <searchedPattern3 />
  <searchedTag4Id>41</searchedTag4Id>
  <searchedPattern4 />
  <searchedTag5Id>41</searchedTag5Id>
  <searchedPattern5 />
  <replacedTagId>-101</replacedTagId>
  <replacedPattern>$3$2$1</replacedPattern>
  <replacedTag2Id>76</replacedTag2Id>
  <replacedPattern2 />
  <replacedTag3Id>76</replacedTag3Id>
  <replacedPattern3 />
  <replacedTag4Id>41</replacedTag4Id>
  <replacedPattern4 />
  <replacedTag5Id>41</replacedTag5Id>
  <replacedPattern5 />
  <append>false</append>
  <append2>false</append2>
  <append3>false</append3>
  <append4>false</append4>
  <append5>false</append5>
</Preset>