﻿<?xml version="1.0" encoding="utf-8"?>
<Preset xmlns:xsi="http://www.w3.org/2001/XMLSchema-instance" xmlns:xsd="http://www.w3.org/2001/XMLSchema">
  <modifiedUtc>2013-07-16T16:08:04.6880465Z</modifiedUtc>
  <userPreset>false</userPreset>
  <customizedByUser>false</customizedByUser>
  <guid>5a84f698-ec42-4a6d-b443-5b77d1227cb7</guid>
  <id />
  <hotkeyAssigned>false</hotkeyAssigned>
  <names>
    <string>de</string>
    <string>Tausche den Vornamen mit dem Nachnamen des Künstlers - 1</string>
    <string>en</string>
    <string>Swap first and last name of artist - 1</string>
    <string>fr</string>
    <string>Permuter le prénom et le nom de l' artiste - 1</string>
    <string>pl</string>
    <string>Zamień imię z nazwiskiem wykonawcy - 1</string>
    <string>ru</string>
    <string>Поменять местами имя и фамилию исполнителя - 1</string>
  </names>
  <descriptions>
    <string>de</string>
    <string>Der Befehl bewegt das ERSTE Wort im 'Künstler' Tag an das ENDE des Tags. Wenn der Tag nur zwei Wörter enthält, dann tauscht der Befehl diese zwei Wörter (z.B.: aus 'Jacques Brel' wird 'Brel Jacques'). Der Befehl unterstützt mehrere Künstler im Tag 'Künstler'. </string>
    <string>en</string>
    <string>Preset moves FIRST word of 'Artist' tag to the END of tag. If tag contains only two words then preset will swap these two words (for instance, 'Jacques Brel' will become 'Brel Jacques'). Preset supports for multiple artists in tag 'Artist'. </string>
    <string>fr</string>
    <string>La presete déplace le premier mot du tag 'Artiste' à la fin. Si le tag ne contient que deux mots alors la presete échangera ces deux mots (par exemple, 'Jacques Brel' deviendra 'Brel Jacques'). La presete prend en charge les tags 'Artiste' avec de multiples artistes. </string>
    <string>pl</string>
    <string>Polecenie przenosi PIERWSZE słowo w tagu 'Wykonawca' na KONIEC tego taga. Jeśli tag zawiera tylko dwa słowa, wówczas polecenie przestawi te dwa słowa (np. 'Jacques Brel' zamieni na 'Brel Jacques'). Polecenie wspiera wielu artystów w tagu 'Wykonawca'.</string>
    <string>ru</string>
    <string>Пресет перемещает ПЕРВОЕ слово в теге 'Исполнитель' в КОНЕЦ тега. Если тег состоит только из двух слов, то пресет меняет их местами (например, 'Jacques Brel' будет заменено на 'Brel Jacques'). Пресет корректно работает, если в теге 'Исполнитель' указано несколько исполнителей. </string>
  </descriptions>
  <ignoreCase>true</ignoreCase>
  <applyToPlayingTrack>false</applyToPlayingTrack>
  <condition>false</condition>
  <columnWeights>
    <float>145.248322</float>
    <float>19.59397</float>
    <float>15.8553286</float>
    <float>25</float>
    <float>25</float>
    <float>25</float>
    <float>25</float>
    <float>25</float>
    <float>25</float>
    <float>25</float>
    <float>25</float>
  </columnWeights>
  <isMSRPreset>false</isMSRPreset>
  <parameterTagType>1</parameterTagType>
  <parameterTag2Type>0</parameterTag2Type>
  <parameterTag3Type>0</parameterTag3Type>
  <parameterTag4Type>0</parameterTag4Type>
  <parameterTag5Type>0</parameterTag5Type>
  <parameterTag6Type>0</parameterTag6Type>
  <parameterTagId>-2</parameterTagId>
  <parameterTag2Id>0</parameterTag2Id>
  <parameterTag3Id>0</parameterTag3Id>
  <parameterTag4Id>0</parameterTag4Id>
  <parameterTag5Id>0</parameterTag5Id>
  <parameterTag6Id>0</parameterTag6Id>
  <customTextChecked>false</customTextChecked>
  <customText />
  <customText2Checked>false</customText2Checked>
  <customText2 />
  <customText3Checked>false</customText3Checked>
  <customText3 />
  <customText4Checked>false</customText4Checked>
  <customText4 />
  <preserveValues />
  <searchedTagId>-101</searchedTagId>
  <searchedPattern>;\s*</searchedPattern>
  <searchedTag2Id>-101</searchedTag2Id>
  <searchedPattern2>([\x01\x02\x04]?)([^\x00;]*?) ([^\x00;]*)([\x00;]?)</searchedPattern2>
  <searchedTag3Id>-101</searchedTag3Id>
  <searchedPattern3>;</searchedPattern3>
  <searchedTag4Id>-201</searchedTag4Id>
  <searchedPattern4 />
  <searchedTag5Id>-201</searchedTag5Id>
  <searchedPattern5 />
  <replacedTagId>-101</replacedTagId>
  <replacedPattern>;</replacedPattern>
  <replacedTag2Id>-101</replacedTag2Id>
  <replacedPattern2>$1$3 $2$4</replacedPattern2>
  <replacedTag3Id>-101</replacedTag3Id>
  <replacedPattern3>; </replacedPattern3>
  <replacedTag4Id>-201</replacedTag4Id>
  <replacedPattern4 />
  <replacedTag5Id>-201</replacedTag5Id>
  <replacedPattern5 />
  <append>false</append>
  <append2>false</append2>
  <append3>false</append3>
  <append4>false</append4>
  <append5>false</append5>
</Preset>