﻿<?xml version="1.0" encoding="utf-8"?>
<Preset xmlns:xsi="http://www.w3.org/2001/XMLSchema-instance" xmlns:xsd="http://www.w3.org/2001/XMLSchema">
  <modifiedUtc>2022-11-08T14:25:55.7825443Z</modifiedUtc>
  <userPreset>false</userPreset>
  <customizedByUser>false</customizedByUser>
  <guid>0eec3ff7-03d4-4e36-af44-69a82a947fb2</guid>
  <id />
  <hotkeyAssigned>false</hotkeyAssigned>
  <names>
    <string>en</string>
    <string>Transliterate Unicode characters of &lt;Tag 1&gt; to ASCII characters</string>
    <string>ru</string>
    <string>Транслитерировать символы тега &lt;Тег 1&gt; в символы ASCII</string>
  </names>
  <descriptions>
    <string>en</string>
    <string>Preset transliterate (or "Romanize") Unicode text into ASCII. Some examples: Lā ʻElima -&gt; La `Elima, 深圳 -&gt; ShenZhen, Δημήτρης Φωτόπουλος -&gt; Dimitris Fotopoylos. To use this preset, 1st install 3d party plugin: ASCII TOOLS PLUGIN (https://getmusicbee.com/forum/index.php?topic=37276.0)</string>
    <string>ru</string>
    <string>Пресет транслитерирует (или "романизирует") символы Unicode в символы ASCII. Несколько примеров: Lā ʻElima -&gt; La `Elima, 深圳 -&gt; ShenZhen, Δημήτρης Φωτόπουλος -&gt; Dimitris Fotopoylos. Для того чтобы использовать этот пресет, сначала установите сторонний плагин: ASCII TOOLS PLUGIN (https://getmusicbee.com/forum/index.php?topic=37276.0)</string>
  </descriptions>
  <ignoreCase>true</ignoreCase>
  <applyToPlayingTrack>false</applyToPlayingTrack>
  <condition>false</condition>
  <columnWeights>
    <float>123.555069</float>
    <float>25</float>
    <float>25</float>
    <float>25</float>
    <float>25</float>
    <float>25</float>
    <float>25</float>
    <float>25</float>
    <float>25</float>
    <float>25</float>
    <float>25</float>
  </columnWeights>
  <isMSRPreset>false</isMSRPreset>
  <parameterTagType>1</parameterTagType>
  <parameterTag2Type>0</parameterTag2Type>
  <parameterTag3Type>0</parameterTag3Type>
  <parameterTag4Type>0</parameterTag4Type>
  <parameterTag5Type>0</parameterTag5Type>
  <parameterTag6Type>0</parameterTag6Type>
  <parameterTagId>65</parameterTagId>
  <parameterTag2Id>0</parameterTag2Id>
  <parameterTag3Id>0</parameterTag3Id>
  <parameterTag4Id>0</parameterTag4Id>
  <parameterTag5Id>0</parameterTag5Id>
  <parameterTag6Id>0</parameterTag6Id>
  <customTextChecked>false</customTextChecked>
  <customText />
  <customText2Checked>false</customText2Checked>
  <customText2 />
  <customText3Checked>false</customText3Checked>
  <customText3 />
  <customText4Checked>false</customText4Checked>
  <customText4 />
  <preserveValues />
  <searchedTagId>-101</searchedTagId>
  <searchedPattern>^(.*)</searchedPattern>
  <searchedTag2Id>-101</searchedTag2Id>
  <searchedPattern2 />
  <searchedTag3Id>-101</searchedTag3Id>
  <searchedPattern3 />
  <searchedTag4Id>-101</searchedTag4Id>
  <searchedPattern4 />
  <searchedTag5Id>-201</searchedTag5Id>
  <searchedPattern5 />
  <replacedTagId>-101</replacedTagId>
  <replacedPattern>\@eval[[$TransliterateToAscii($1)]]</replacedPattern>
  <replacedTag2Id>-101</replacedTag2Id>
  <replacedPattern2 />
  <replacedTag3Id>-101</replacedTag3Id>
  <replacedPattern3 />
  <replacedTag4Id>-101</replacedTag4Id>
  <replacedPattern4 />
  <replacedTag5Id>-201</replacedTag5Id>
  <replacedPattern5 />
  <append>false</append>
  <append2>false</append2>
  <append3>false</append3>
  <append4>false</append4>
  <append5>false</append5>
</Preset>